SIMBOLO,FECHA,VENCIMIENTO,TIPO DE SERIE,CIERRE,APERTURA,MAXIMO,MINIMO,PRECIO PROMEDIO,VOLUMEN NOMINAL,MONTO NEGOCIADO,CANTIDAD DE OPERACIONES
ALUA,2024-01-25,48 hs.,Homogenea,1086,1069,1110,1069,"1097,342",1219111,1337781759,6066
VALO,2024-01-25,48 hs.,Homogenea,285,284,289,"282,5","285,703",1288718,368190756,2038
TXAR,2024-01-25,48 hs.,Homogenea,1094,1090,1123,1080,"1096,605",1208051,1324755199,4746
TRAN,2024-01-25,48 hs.,Homogenea,1500,1485,1525,1465,"1499,532",1338366,2006922316,1823
TGSU2,2024-01-25,48 hs.,Homogenea,"3946,2",3854,4050,3820,"3931,651",142737,561191998,1970
TGNO4,2024-01-25,48 hs.,Homogenea,2528,2534,2550,2491,"2515,366",199491,501792825,1924
TECO2,2024-01-25,48 hs.,Homogenea,"2054,25",1970,2099,1930,"2042,95",209945,428907051,1748
SUPV,2024-01-25,48 hs.,Homogenea,"1175,45","1126,5",1200,"1098,5","1165,203",725700,845587632,2692
PAMP,2024-01-25,48 hs.,Homogenea,"2560,5",2575,2620,2545,"2580,744",542163,1399183658,6075
MIRG,2024-01-25,48 hs.,Homogenea,"15668,5",16000,"16389,5",15502,"16015,853","9301,9",148977860,875
LOMA,2024-01-25,48 hs.,Homogenea,"1880,25",1925,"1933,35",1873,"1885,688",130332,245765427,1471
GGAL,2024-01-25,48 hs.,Homogenea,"2602,55","2487,45",2635,"2487,45","2582,03",2572030,6641057849,5788
EDN,2024-01-25,48 hs.,Homogenea,"1274,95",1300,1350,1260,"1300,851",335335,436220761,2662
CRES,2024-01-25,48 hs.,Homogenea,"1221,45",1249,1249,1216,"1236,63",379542,469353019,2197
COME,2024-01-25,48 hs.,Homogenea,"92,9","91,5","95,2","91,5","93,63",4580180,428841487,5184
CEPU,2024-01-25,48 hs.,Homogenea,"1224,45",1200,"1234,5",1170,"1213,923",1028150,1248095288,3442
BYMA,2024-01-25,48 hs.,Homogenea,1241,1299,1299,1210,"1269,452",467835,593894107,3349
BMA,2024-01-25,48 hs.,Homogenea,"4286,85",4115,4396,4100,"4271,265",567467,2423802129,2826
BBAR,2024-01-25,48 hs.,Homogenea,"2624,9",2520,"2682,35",2430,"2608,518",429847,1121263452,2627
YPFD,2024-01-25,48 hs.,Homogenea,"22188,4",21500,"22629,55",21500,"22266,141",215599,4800557766,6097
ALUA,2024-01-24,48 hs.,Homogenea,1075,1052,1079,1035,"1067,731",1287479,1374681431,5306
VALO,2024-01-24,48 hs.,Homogenea,283,285,286,280,"283,653",761752,216072860,1807
TXAR,2024-01-24,48 hs.,Homogenea,1083,1020,1090,1012,"1042,227",1753852,1827911373,5568
TRAN,2024-01-24,48 hs.,Homogenea,1472,1467,1484,1410,"1470,069",494703,727247604,1367
TGSU2,2024-01-24,48 hs.,Homogenea,"3846,3",3880,"3939,5","3763,05","3816,894",286323,1092864444,1480
TGNO4,2024-01-24,48 hs.,Homogenea,"2504,5",2550,2574,2440,"2500,442",141918,354857725,1842
TECO2,2024-01-24,48 hs.,Homogenea,"1970,5",1970,1993,1930,"1966,787",87581,172253187,1157
SUPV,2024-01-24,48 hs.,Homogenea,"1116,9",1082,"1140,3",1070,"1108,882",413063,458038026,1970
PAMP,2024-01-24,48 hs.,Homogenea,"2551,65",2450,2574,2430,"2530,006",835226,2113126706,5837
MIRG,2024-01-24,48 hs.,Homogenea,15944,15851,"16139,5",15601,"15938,675","7654,1",121996215,678
LOMA,2024-01-24,48 hs.,Homogenea,"1869,8",1870,1914,1832,"1876,448",109279,205056310,1116
GGAL,2024-01-24,48 hs.,Homogenea,"2475,2",2400,"2514,5",2372,"2450,627",1942131,4759438122,4125
EDN,2024-01-24,48 hs.,Homogenea,"1281,65",1275,1318,1250,"1284,43",373800,480120004,2112
CRES,2024-01-24,48 hs.,Homogenea,"1211,3",1220,"1229,95",1160,"1214,718",336196,408383393,1864
COME,2024-01-24,48 hs.,Homogenea,"92,3","90,6","92,5","90,5","91,564",2422222,221788856,3823
CEPU,2024-01-24,48 hs.,Homogenea,"1171,7",1151,"1181,6","1149,5","1166,429",629368,734112791,2642
BYMA,2024-01-24,48 hs.,Homogenea,"1248,5",1200,1257,1196,"1223,468",503040,615453208,2488
BMA,2024-01-24,48 hs.,Homogenea,"4075,7",4066,4120,3940,"4037,545",267920,1081738944,1870
BBAR,2024-01-24,48 hs.,Homogenea,"2504,65",2430,"2525,9",2385,"2487,118",316588,787391794,1778
YPFD,2024-01-24,48 hs.,Homogenea,"21451,95",20400,21511,20370,"21233,652",241144,5120367646,4677
BMA,2024-01-23,48 hs.,Homogenea,"3909,8",4010,4199,3800,"3922,593",387143,1518604417,2561
BBAR,2024-01-23,48 hs.,Homogenea,"2429,6",2470,2548,2336,"2430,307",240198,583754773,2348
GGAL,2024-01-23,48 hs.,Homogenea,"2375,25",2413,2460,"2303,55","2371,171",3121309,7401156909,5756
YPFD,2024-01-23,48 hs.,Homogenea,"20329,4",20512,20800,"20041,6","20448,675",214759,4391536945,4631
MIRG,2024-01-23,48 hs.,Homogenea,"15962,5",16380,17190,"15500,5","15968,798","10367,4",165554919,925
EDN,2024-01-23,48 hs.,Homogenea,"1269,75",1350,1400,1260,"1302,79",490378,638859320,3911
TRAN,2024-01-23,48 hs.,Homogenea,"1461,5",1420,1467,1420,"1449,781",561239,813673635,1921
PAMP,2024-01-23,48 hs.,Homogenea,"2441,55",2555,2625,2430,"2473,71",1167478,2888002474,8132
CRES,2024-01-23,48 hs.,Homogenea,"1191,55",1230,1260,"1176,8","1207,55",382435,461809361,2779
TGSU2,2024-01-23,48 hs.,Homogenea,"3810,3","3865,35",3998,"3706,8","3811,436",229115,873257209,1919
ALUA,2024-01-23,48 hs.,Homogenea,1048,1012,1059,1000,"1032,305",1344071,1387490961,6176
BYMA,2024-01-23,48 hs.,Homogenea,"1192,5",1150,1200,1130,"1173,83",609126,715010434,3186
TGNO4,2024-01-23,48 hs.,Homogenea,2501,2523,2560,2390,"2468,331",170866,421753861,2026
TXAR,2024-01-23,48 hs.,Homogenea,1012,982,1014,957,"995,267",1275580,1269542717,4574
CEPU,2024-01-23,48 hs.,Homogenea,"1149,55",1220,1235,1136,"1172,936",2081534,2441506207,3852
TECO2,2024-01-23,48 hs.,Homogenea,"1971,9",2075,2182,1880,"1973,28",299818,591624775,2757
VALO,2024-01-23,48 hs.,Homogenea,"280,5",284,290,"278,5","282,334",1492449,421369345,1971
COME,2024-01-23,48 hs.,Homogenea,"90,3","89,3","91,8","86,4","90,407",2404065,217343496,4549
SUPV,2024-01-23,48 hs.,Homogenea,"1080,8",1130,1175,"1049,25","1088,396",700396,762307990,2688
LOMA,2024-01-23,48 hs.,Homogenea,"1871,15",1921,1972,1851,"1886,093",162441,306378765,1605
ALUA,2024-01-22,48 hs.,Homogenea,"1010,5",1025,1025,"997,5","1006,95",1067566,1074985239,6583
VALO,2024-01-22,48 hs.,Homogenea,"281,5",285,287,271,"282,933",1559394,441203314,2693
TXAR,2024-01-22,48 hs.,Homogenea,"982,5",960,987,955,"973,153",756312,736007259,3808
TRAN,2024-01-22,48 hs.,Homogenea,1418,1429,1457,1400,"1443,532",240567,347266271,1482
TGSU2,2024-01-22,48 hs.,Homogenea,"3865,35",3764,3920,3732,"3852,359",189311,729293985,2509
TGNO4,2024-01-22,48 hs.,Homogenea,2499,2395,2508,2395,"2446,435",145761,356594733,2154
TECO2,2024-01-22,48 hs.,Homogenea,"2064,35",1950,"2106,25",1950,"2047,235",159972,327500260,2465
SUPV,2024-01-22,48 hs.,Homogenea,"1114,45",1041,"1134,95",1041,"1105,871",481564,532547528,3515
PAMP,2024-01-22,48 hs.,Homogenea,"2552,25",2520,2620,"2502,5","2572,541",584486,1503614018,8718
MIRG,2024-01-22,48 hs.,Homogenea,"16367,5",16700,16700,"16106,5","16317,665","9181,5",149820645,906
LOMA,2024-01-22,48 hs.,Homogenea,"1919,35",1793,"1925,5",1766,"1877,808",440553,827273782,2639
GGAL,2024-01-22,48 hs.,Homogenea,"2402,7",2260,2410,2259,"2375,836",3054974,7258116977,6506
EDN,2024-01-22,48 hs.,Homogenea,"1329,7",1316,1410,1311,"1366,721",546492,746902119,4260
CRES,2024-01-22,48 hs.,Homogenea,"1231,65",1180,1232,"1174,65","1216,347",610148,742151744,3146
COME,2024-01-22,48 hs.,Homogenea,"89,3",88,91,"87,8","89,516",3714961,332547722,5941
CEPU,2024-01-22,48 hs.,Homogenea,"1209,45",1200,1230,"1189,9","1213,726",956497,1160925552,4198
BYMA,2024-01-22,48 hs.,Homogenea,"1142,5",1125,1150,1095,"1136,554",388797,441888952,2589
BMA,2024-01-22,48 hs.,Homogenea,"3975,7",3750,4000,3750,"3901,91",321875,1255927209,2821
BBAR,2024-01-22,48 hs.,Homogenea,"2465,6",2260,"2479,9",2235,"2419,16",163095,394552866,2925
YPFD,2024-01-22,48 hs.,Homogenea,"20531,9",20250,"20852,65",19200,"20433,803",257760,5267016933,6892
BMA,2024-01-19,48 hs.,Homogenea,"3712,55",3600,3765,3550,"3665,214",477885,1751550653,2283
BBAR,2024-01-19,48 hs.,Homogenea,"2278,65",2180,2300,2152,"2228,039",105648,235387893,1987
GGAL,2024-01-19,48 hs.,Homogenea,"2248,8",2130,2260,2120,"2195,095",2314624,5080819893,5417
YPFD,2024-01-19,48 hs.,Homogenea,"20175,2",19620,20300,19000,"20003,254",190213,3804878885,5527
MIRG,2024-01-19,48 hs.,Homogenea,"16106,5",16150,16350,"15810,5","16139,448","9307,4",150216297,849
EDN,2024-01-19,48 hs.,Homogenea,"1294,45",1200,1300,1190,"1240,892",327382,406245626,3125
TRAN,2024-01-19,48 hs.,Homogenea,1399,1370,1426,1350,"1404,962",556473,781823314,1605
PAMP,2024-01-19,48 hs.,Homogenea,"2490,95",2420,2500,2380,"2441,572",1096930,2678234001,8294
CRES,2024-01-19,48 hs.,Homogenea,"1174,85",1100,1193,1100,"1159,988",429563,498287886,3617
TGSU2,2024-01-19,48 hs.,Homogenea,3756,3600,3771,3550,"3671,744",199982,734282769,2062
ALUA,2024-01-19,48 hs.,Homogenea,1007,"1020,5",1040,995,"1009,04",823211,830652538,5978
BYMA,2024-01-19,48 hs.,Homogenea,"1094,5",1060,1109,1050,"1092,097",554087,605116797,2227
TGNO4,2024-01-19,48 hs.,Homogenea,"2388,5",2380,2400,2275,"2370,132",230834,547106931,2028
TXAR,2024-01-19,48 hs.,Homogenea,955,950,972,950,"961,109",971645,933856275,3617
CEPU,2024-01-19,48 hs.,Homogenea,"1192,6",1143,1200,1130,"1164,22",964718,1123143916,3760
TECO2,2024-01-19,48 hs.,Homogenea,"1932,7",1753,1959,1740,"1880,995",211707,398219745,2372
VALO,2024-01-19,48 hs.,Homogenea,"279,5","266,5",280,"266,5","275,821",699402,192909864,2637
COME,2024-01-19,48 hs.,Homogenea,"87,85",88,"89,3","86,5","88,05",4474746,393999094,5238
SUPV,2024-01-19,48 hs.,Homogenea,"1032,9",1000,1050,995,"1026,6",565509,580551533,2869
LOMA,2024-01-19,48 hs.,Homogenea,"1792,7",1750,"1808,5",1690,"1768,588",657024,1162004566,2631
VALO,2024-01-18,48 hs.,Homogenea,266,"263,5",274,255,"267,01",859442,229479870,2264
GGAL,2024-01-18,48 hs.,Homogenea,"2108,25",2065,2130,2030,"2086,864",3305773,6898699068,4766
LOMA,2024-01-18,48 hs.,Homogenea,"1733,05",1697,1740,1656,"1710,276",448118,766405220,1558
MIRG,2024-01-18,48 hs.,Homogenea,16156,16676,16750,15750,"16082,73","26239,7",422006020,1369
PAMP,2024-01-18,48 hs.,Homogenea,"2404,35",2469,2500,"2400,5","2437,446",806798,1966526142,10347
SUPV,2024-01-18,48 hs.,Homogenea,"988,1",950,990,"936,5","972,651",861990,838415141,2824
TECO2,2024-01-18,48 hs.,Homogenea,"1735,35",1725,1786,1724,"1753,459",80518,141185008,1056
TGNO4,2024-01-18,48 hs.,Homogenea,2327,2360,2399,2220,"2311,256",160929,371948163,2437
TGSU2,2024-01-18,48 hs.,Homogenea,"3564,6",3700,3780,"3534,05","3625,679",288091,1044525465,3355
TRAN,2024-01-18,48 hs.,Homogenea,1360,1426,1450,1345,"1400,915",654752,917251603,1696
TXAR,2024-01-18,48 hs.,Homogenea,"953,5",971,999,948,"973,656",945857,920939154,4272
ALUA,2024-01-18,48 hs.,Homogenea,"1020,5",1040,1061,"1000,5","1033,266",999008,1032240877,6456
BBAR,2024-01-18,48 hs.,Homogenea,"2145,2",2080,2200,2080,"2145,365",214802,460828744,2180
BMA,2024-01-18,48 hs.,Homogenea,"3594,8",3599,3650,"3453,3","3552,542",504820,1793394161,2582
BYMA,2024-01-18,48 hs.,Homogenea,1064,1080,1100,1063,"1074,213",408280,438579699,2059
CEPU,2024-01-18,48 hs.,Homogenea,"1139,2",1160,"1203,95",1130,"1158,889",867711,1005580466,3937
COME,2024-01-18,48 hs.,Homogenea,"87,45",91,92,"87,1","89,806",6957679,624839718,5814
CRES,2024-01-18,48 hs.,Homogenea,"1143,35","1134,25",1191,1105,"1135,283",644436,731617095,3638
EDN,2024-01-18,48 hs.,Homogenea,"1187,45",1110,1197,1110,"1174,637",574234,674516584,3792
YPFD,2024-01-18,48 hs.,Homogenea,"19622,45",19110,19700,19110,"19538,722",235974,4610630308,4960
VALO,2024-01-17,48 hs.,Homogenea,"263,5",254,"265,5",252,"260,885",310571,"81023218,5",2131
GGAL,2024-01-17,48 hs.,Homogenea,"2052,5",1884,"2059,75",1880,"2006,001",3715230,"7452782534,9",6790
LOMA,2024-01-17,48 hs.,Homogenea,"1675,3",1560,1678,1560,"1652,272",653224,"1079303400,3",1905
MIRG,2024-01-17,48 hs.,Homogenea,"16410,5",16297,17000,15662,"16671,055","23316,7","388713977,85",1586
PAMP,2024-01-17,48 hs.,Homogenea,2400,"2257,1",2450,"2257,1","2397,215",1163455,"2789051872,45",19244
SUPV,2024-01-17,48 hs.,Homogenea,"933,35",852,940,852,"909,451",778397,"707914135,3",3337
TECO2,2024-01-17,48 hs.,Homogenea,"1723,85","1627,05",1732,"1627,05","1691,986",100983,"170861829,2",1399
TGNO4,2024-01-17,48 hs.,Homogenea,2300,2250,2340,2230,"2305,107",164274,"378669160,5",1835
TGSU2,2024-01-17,48 hs.,Homogenea,"3647,45",3543,3660,3425,"3577,63",262608,"939514291,95",2720
TRAN,2024-01-17,48 hs.,Homogenea,1395,1362,1415,1362,"1397,188",380860,532133010,1738
TXAR,2024-01-17,48 hs.,Homogenea,971,927,980,926,"959,793",2252340,"2161781183,5",5446
ALUA,2024-01-17,48 hs.,Homogenea,"1040,5",1001,1048,1001,"1034,657",1251548,1295019080,6772
BBAR,2024-01-17,48 hs.,Homogenea,"2082,45",1910,"2103,15",1887,"2022,997",200767,"406150975,2",1989
BMA,2024-01-17,48 hs.,Homogenea,"3503,65",3070,"3520,15","3020,5","3385,369",295886,"1001683351,55",3118
BYMA,2024-01-17,48 hs.,Homogenea,1063,1049,1094,1040,"1065,53",365254,"389189143,5",2680
CEPU,2024-01-17,48 hs.,Homogenea,"1153,6",1116,1175,1116,"1147,363",1072554,"1230609200,65",3840
COME,2024-01-17,48 hs.,Homogenea,"90,35","88,5","91,7",88,"90,731",3534277,"320672181,5",5529
CRES,2024-01-17,48 hs.,Homogenea,"1134,25","1093,55",1145,"1080,05","1124,655",557685,"627202977,85",3367
EDN,2024-01-17,48 hs.,Homogenea,"1107,55",1054,"1110,5","1041,5","1085,614",367666,"399143534,4",2773
YPFD,2024-01-17,48 hs.,Homogenea,"19106,25",18086,"19129,95",18020,"18802,707",212914,"4003359661,55",5801
VALO,2024-01-16,48 hs.,Homogenea,254,250,"256,5","248,5","251,475",605296,"152216583,75",1665
GGAL,2024-01-16,48 hs.,Homogenea,"1882,1",1850,1912,1828,"1882,996",1520379,2860642561,3277
LOMA,2024-01-16,48 hs.,Homogenea,"1555,15",1512,1579,1500,"1529,622",382068,"584419699,1",1633
MIRG,2024-01-16,48 hs.,Homogenea,"16223,5",14800,16400,14101,"15202,92","17908,7","272264527,15",1653
PAMP,2024-01-16,48 hs.,Homogenea,"2261,05",2242,2295,2164,"2247,737",727648,"1635561041,5",5598
SUPV,2024-01-16,48 hs.,Homogenea,"848,45",810,855,"805,5","842,761",315037,"265501041,85",1540
TECO2,2024-01-16,48 hs.,Homogenea,"1627,05",1551,1638,1520,"1600,433",143945,"230374298,65",1323
TGNO4,2024-01-16,48 hs.,Homogenea,"2216,5",2200,2230,2156,"2210,65",238475,527184752,2146
TGSU2,2024-01-16,48 hs.,Homogenea,"3413,95",3400,"3504,5",3360,"3434,343",190936,"655739778,15",2050
TRAN,2024-01-16,48 hs.,Homogenea,1359,1300,1370,1300,"1343,501",727589,"977516644,5",2698
TXAR,2024-01-16,48 hs.,Homogenea,920,890,"928,5",881,"904,288",1631070,1474956726,5012
ALUA,2024-01-16,48 hs.,Homogenea,"998,5",969,1007,960,"985,426",1510522,1488507048,6357
BBAR,2024-01-16,48 hs.,Homogenea,"1908,9",1893,1940,1853,"1902,624",124948,"237729087,7",1373
BMA,2024-01-16,48 hs.,Homogenea,"3063,5",2972,3125,2950,"3074,695",107968,"331968703,3",1295
BYMA,2024-01-16,48 hs.,Homogenea,1048,1035,1070,1005,"1048,298",401381,"420766769,5",2232
CEPU,2024-01-16,48 hs.,Homogenea,"1109,7",1080,1120,"1046,05","1099,022",1004017,"1103436344,05",3871
COME,2024-01-16,48 hs.,Homogenea,"88,5","86,4","88,7","84,8","87,686",1816555,"159381242,45",4225
CRES,2024-01-16,48 hs.,Homogenea,"1093,55",1099,1111,1045,"1086,008",847008,"919857300,75",4597
EDN,2024-01-16,48 hs.,Homogenea,"1055,45",1083,1094,1044,"1068,611",177179,"189335397,15",1984
YPFD,2024-01-16,48 hs.,Homogenea,"18086,85",18700,18700,18000,"18317,113",170953,"3131365435,75",5547
VALO,2024-01-15,48 hs.,Homogenea,"249,25","252,5",258,247,"251,234",568097,"142725297,75",1682
GGAL,2024-01-15,48 hs.,Homogenea,"1846,8","1840,1",1868,1830,"1851,967",862479,"1594919533,85",3214
LOMA,2024-01-15,48 hs.,Homogenea,"1512,35","1514,45",1560,1483,"1508,441",63238,"95390787,85",1040
MIRG,2024-01-15,48 hs.,Homogenea,"14417,5","14644,5",14900,14200,"14411,577","7676,5","110630473,25",974
PAMP,2024-01-15,48 hs.,Homogenea,"2241,35",2180,"2245,5",2135,"2185,976",514667,"1125049910,35",4928
SUPV,2024-01-15,48 hs.,Homogenea,"817,15",840,848,805,"831,405",127330,"105862737,45",1309
TECO2,2024-01-15,48 hs.,Homogenea,"1548,85",1500,1550,1500,"1538,688",38027,"58511691,4",819
TGNO4,2024-01-15,48 hs.,Homogenea,2144,2135,2163,2085,"2126,21",114203,242819595,1820
TGSU2,2024-01-15,48 hs.,Homogenea,"3397,2",3325,3440,3250,"3374,019",78785,"265822115,95",1745
TRAN,2024-01-15,48 hs.,Homogenea,1285,1263,1295,1222,"1285,253",151059,"194149010,5",1252
TXAR,2024-01-15,48 hs.,Homogenea,881,900,"912,5",879,"888,937",814024,723639606,3184
ALUA,2024-01-15,48 hs.,Homogenea,"967,5",959,974,"950,5","966,648",709781,686113097,4980
BBAR,2024-01-15,48 hs.,Homogenea,"1893,8",1949,1949,1875,"1898,932",76625,"145505643,15",1268
BMA,2024-01-15,48 hs.,Homogenea,"3037,45",3040,"3110,5",2939,"3059,625",75059,"229652395,15",1552
BYMA,2024-01-15,48 hs.,Homogenea,1023,1050,1065,1015,"1031,943",146230,150901052,1740
CEPU,2024-01-15,48 hs.,Homogenea,"1066,7",1075,1084,1035,"1061,445",769427,"816704131,6",3156
COME,2024-01-15,48 hs.,Homogenea,"86,35","87,4",90,"85,55","86,527",2018370,"174700280,85",4043
CRES,2024-01-15,48 hs.,Homogenea,"1098,9","1055,5",1100,1050,"1083,687",369852,"400803982,1",3174
EDN,2024-01-15,48 hs.,Homogenea,"1062,65",1079,1079,1040,"1057,376",131873,"139439391,5",1843
YPFD,2024-01-15,48 hs.,Homogenea,18361,18234,18759,17825,"18450,447",63349,"1168817375,95",3789
TRAN,2024-01-12,48 hs.,Homogenea,1251,1270,"1289,5",1225,"1248,965",182902,228438231,1180
TGSU2,2024-01-12,48 hs.,Homogenea,"3315,65",3241,3340,3165,"3246,592",170307,552917346,1637
LOMA,2024-01-12,48 hs.,Homogenea,"1514,45",1542,"1599,95","1490,5","1511,369",188062,284230975,1221
CRES,2024-01-12,48 hs.,Homogenea,"1047,8",1058,1070,1028,"1046,179",299130,312943476,2521
PAMP,2024-01-12,48 hs.,Homogenea,"2179,7",2185,2230,2120,"2161,783",472053,1020476090,5360
GGAL,2024-01-12,48 hs.,Homogenea,"1851,25",1850,1888,1825,"1844,637",1183380,2182906709,2985
BYMA,2024-01-12,48 hs.,Homogenea,1041,1020,1059,1000,"1023,35",217810,222895785,1850
SUPV,2024-01-12,48 hs.,Homogenea,"838,2",840,848,816,"827,23",350859,290240958,1340
EDN,2024-01-12,48 hs.,Homogenea,"1060,75","1044,75",1077,1025,"1052,849",306642,322847581,1912
BMA,2024-01-12,48 hs.,Homogenea,"3049,3",2973,3090,2955,"3025,126",90520,273834389,1677
TGNO4,2024-01-12,48 hs.,Homogenea,2091,"2164,5",2166,2050,"2080,67",195761,407313997,2149
TXAR,2024-01-12,48 hs.,Homogenea,"886,5","920,5",933,870,"889,078",708784,630164061,3757
BBAR,2024-01-12,48 hs.,Homogenea,"1899,1",1900,1918,1855,"1887,494",123130,232407097,1422
CEPU,2024-01-12,48 hs.,Homogenea,"1069,8",1085,"1119,95",1026,"1052,37",746966,786084293,3873
VALO,2024-01-12,48 hs.,Homogenea,"252,5",257,257,"248,5","250,669",333144,83508723,1741
ALUA,2024-01-12,48 hs.,Homogenea,959,1015,1020,935,"968,158",1420959,1375713333,6560
COME,2024-01-12,48 hs.,Homogenea,"87,4","89,1","91,6",86,"87,878",2357636,207183524,4104
YPFD,2024-01-12,48 hs.,Homogenea,"18205,85",18810,19200,18045,"18304,339",215418,3943084157,5047
TECO2,2024-01-12,48 hs.,Homogenea,"1519,15","1546,5",1554,1500,"1517,436",88026,133573850,956
MIRG,2024-01-12,48 hs.,Homogenea,"14644,5",15600,15600,14500,"14696,951","13554,7",199212759,1400
MIRG,2024-01-11,48 hs.,Homogenea,15100,16500,16599,14900,"15392,984",24563,"378097856,4",2357
LOMA,2024-01-11,48 hs.,Homogenea,"1519,2",1600,1618,1510,"1530,354",251737,"385246776,5",1398
GGAL,2024-01-11,48 hs.,Homogenea,"1844,45",1944,1975,1830,"1878,602",2360167,"4429286618,7",5447
EDN,2024-01-11,48 hs.,Homogenea,"1044,75",1100,1151,"1037,1","1070,75",183448,"196426905,95",2049
YPFD,2024-01-11,48 hs.,Homogenea,"18784,5",19100,19520,18550,"18904,029",153930,"2909897212,35",5472
VALO,2024-01-11,48 hs.,Homogenea,253,259,261,253,"257,012",904557,"232482213,5",3341
TXAR,2024-01-11,48 hs.,Homogenea,"919,5",950,970,913,"937,348",684020,"641165086,5",3378
TRAN,2024-01-11,48 hs.,Homogenea,"1262,5",1265,1300,1236,"1280,17",364194,466230162,1643
TGSU2,2024-01-11,48 hs.,Homogenea,"3237,6",3350,3498,3189,"3316,687",199404,661360636,2494
TGNO4,2024-01-11,48 hs.,Homogenea,2127,2195,2240,"2001,5","2144,437",165944,355856468,2251
CRES,2024-01-11,48 hs.,Homogenea,"1044,7",1105,1137,1014,"1079,523",681233,"735406947,65",3895
COME,2024-01-11,48 hs.,Homogenea,"89,15","90,5","91,8","88,8","89,883",4333779,"390202451,85",5952
CEPU,2024-01-11,48 hs.,Homogenea,"1084,8",1150,1178,"1082,5","1136,024",943937,"1072335078,35",3773
BYMA,2024-01-11,48 hs.,Homogenea,1027,1023,1058,1012,"1035,513",158037,163649429,2143
BMA,2024-01-11,48 hs.,Homogenea,"2972,6",3095,3118,2955,"2996,232",102738,"307826872,1",1266
BBAR,2024-01-11,48 hs.,Homogenea,"1879,3","1962,95",1992,"1860,5","1909,025",190872,"364379350,2",1474
ALUA,2024-01-11,48 hs.,Homogenea,1010,1062,"1073,5",1008,"1027,697",909047,934276721,4973
TECO2,2024-01-11,48 hs.,Homogenea,"1546,5",1600,1645,1490,"1547,521",341681,"528758686,95",2190
SUPV,2024-01-11,48 hs.,Homogenea,"835,9",860,897,821,"843,813",478401,"403680849,45",2175
PAMP,2024-01-11,48 hs.,Homogenea,"2180,7",2240,"2318,95",2170,"2209,184",567126,"1252885833,95",5849
TGNO4,2024-01-10,48 hs.,Homogenea,"2130,5",2225,2280,2107,"2139,173",382453,818132990,3208
MIRG,2024-01-10,48 hs.,Homogenea,16032,15900,16899,15100,"16064,679","39010,7",626694368,2748
BBAR,2024-01-10,48 hs.,Homogenea,"1930,4",1900,1958,1886,"1918,793",430489,"826019372,5",1949
TGSU2,2024-01-10,48 hs.,Homogenea,"3330,8",3250,3350,3250,"3304,027",223381,"738056856,4",2264
VALO,2024-01-10,48 hs.,Homogenea,"249,75","226,5",252,"226,5","244,995",1132741,"277515725,5",2731
BMA,2024-01-10,48 hs.,Homogenea,"3017,8",3004,3040,"2943,1","3005,129",158687,476874927,1378
COME,2024-01-10,48 hs.,Homogenea,"88,35",81,"88,5","80,1","86,358",5297257,"457511694,3",5841
TXAR,2024-01-10,48 hs.,Homogenea,"947,5","942,5","973,5",913,"952,411",905898,"862782828,5",4080
BYMA,2024-01-10,48 hs.,Homogenea,1023,1015,1053,990,"1024,713",357436,366269204,2169
ALUA,2024-01-10,48 hs.,Homogenea,1056,1054,1083,1026,"1055,947",1176067,1241864357,5741
EDN,2024-01-10,48 hs.,Homogenea,"1073,05",1058,1077,1014,"1058,198",231439,"244908346,2",2057
CEPU,2024-01-10,48 hs.,Homogenea,"1122,15",1115,1149,1068,"1105,021",715793,"790965959,55",3752
TECO2,2024-01-10,48 hs.,Homogenea,"1579,6",1648,1648,1530,"1589,225",52508,"83447033,7",1081
GGAL,2024-01-10,48 hs.,Homogenea,"1918,45",1875,"1926,5",1850,"1896,176",2436512,"4616937028,3",3758
TRAN,2024-01-10,48 hs.,Homogenea,"1259,5","1239,5",1265,1185,"1237,803",329399,407731055,1523
SUPV,2024-01-10,48 hs.,Homogenea,"862,9",842,"864,85",805,"839,413",859516,"721489301,7",1909
LOMA,2024-01-10,48 hs.,Homogenea,"1582,4",1560,1600,"1518,35","1559,338",131282,"204713005,7",1228
CRES,2024-01-10,48 hs.,Homogenea,"1082,85",1050,1090,1032,"1066,503",556760,"593786265,95",3279
PAMP,2024-01-10,48 hs.,Homogenea,"2223,8",2255,2300,2200,"2228,989",721843,"1608979781,3",6045
YPFD,2024-01-10,48 hs.,Homogenea,"19048,25",19349,19600,18900,"19121,386",199438,"3813530975,9",5405
TRAN,2024-01-09,48 hs.,Homogenea,"1220,5",1225,1258,1170,"1206,897",370186,"446776222,5",2169
TGSU2,2024-01-09,48 hs.,Homogenea,"3244,4",3460,3543,3210,"3318,47",298372,"990138388,6",3710
LOMA,2024-01-09,48 hs.,Homogenea,"1563,4",1580,1620,1542,"1577,496",93394,"147328634,15",1412
CRES,2024-01-09,48 hs.,Homogenea,"1048,75",1115,1130,1040,"1074,594",822635,"883998951,3",4999
PAMP,2024-01-09,48 hs.,Homogenea,"2243,95",2400,2450,2219,"2291,383",794919,"1821463497,65",10949
GGAL,2024-01-09,48 hs.,Homogenea,"1892,25",2010,2015,1875,"1908,409",1929695,"3681722537,05",5330
BYMA,2024-01-09,48 hs.,Homogenea,"1006,5",1070,1078,1004,"1031,399",248779,"256590442,5",2606
SUPV,2024-01-09,48 hs.,Homogenea,"829,35",899,899,"824,15","845,348",571847,"483409668,85",2683
EDN,2024-01-09,48 hs.,Homogenea,"1058,3",1099,1150,1043,"1090,13",248396,"270783818,2",3168
BMA,2024-01-09,48 hs.,Homogenea,"2973,4",3161,3305,"2955,55","3061,158",131849,"403610664,1",1925
TGNO4,2024-01-09,48 hs.,Homogenea,2187,2200,2320,2110,"2193,908",318429,698604042,3529
TXAR,2024-01-09,48 hs.,Homogenea,941,986,1000,940,"963,543",1670516,1609645766,6614
BBAR,2024-01-09,48 hs.,Homogenea,"1920,65",2080,2085,1914,"1961,022",268747,"527018733,65",2527
CEPU,2024-01-09,48 hs.,Homogenea,"1106,35",1136,1175,1083,"1120,585",1398916,"1567604831,6",5622
VALO,2024-01-09,48 hs.,Homogenea,"229,75",230,"231,75","227,5","229,088",471335,"107977313,75",2413
ALUA,2024-01-09,48 hs.,Homogenea,1057,1083,1105,"1042,5","1058,575",1287297,"1362774388,5",6250
COME,2024-01-09,48 hs.,Homogenea,"80,4",83,"84,6","80,1","81,846",2348001,"192302695,25",4753
YPFD,2024-01-09,48 hs.,Homogenea,"19204,55",20000,20200,19000,"19487,249",233025,"4541016131,95",7885
TECO2,2024-01-09,48 hs.,Homogenea,"1605,9",1714,1750,1600,"1654,411",183240,"303154360,85",1374
MIRG,2024-01-09,48 hs.,Homogenea,15641,14485,16200,14450,"15747,446",66743,"1051031774,55",4883
MIRG,2024-01-08,48 hs.,Homogenea,"14206,5",12400,14500,12400,"13903,389","46351,4","644441553,5",4210
LOMA,2024-01-08,48 hs.,Homogenea,"1587,8",1540,1612,1510,"1580,09",232056,"366669389,95",1932
GGAL,2024-01-08,48 hs.,Homogenea,"1997,2",1894,2000,1856,"1944,934",1733177,"3370024721,4",4581
EDN,2024-01-08,48 hs.,Homogenea,"1094,85",1035,1099,1025,"1067,519",445789,"475888042,15",3162
YPFD,2024-01-08,48 hs.,Homogenea,"19955,75",19039,19975,18670,"19592,86",223028,"4369756401,45",8245
VALO,2024-01-08,48 hs.,Homogenea,"227,5","225,5","231,75","225,5","229,616",1254587,"288073837,25",2530
TXAR,2024-01-08,48 hs.,Homogenea,986,1008,1025,970,"994,85",2682546,2668729759,12087
TRAN,2024-01-08,48 hs.,Homogenea,1224,1210,"1247,5",1190,"1217,025",330334,"402024729,5",1714
TGSU2,2024-01-08,48 hs.,Homogenea,"3411,05",3283,"3474,95",3253,"3351,298",267210,"895500278,05",3971
TGNO4,2024-01-08,48 hs.,Homogenea,"2185,5",2126,2279,2115,"2198,022",207553,"456206036,5",3111
CRES,2024-01-08,48 hs.,Homogenea,"1107,5",1051,1110,1040,"1078,327",781223,"842413891,8",4396
COME,2024-01-08,48 hs.,Homogenea,"83,05","79,5","84,5","78,6","81,955",4629162,"379575254,45",6401
CEPU,2024-01-08,48 hs.,Homogenea,"1128,8","1044,679","1154,121","1034,978","1114,362",1217292,"1363413072,95",7450
BYMA,2024-01-08,48 hs.,Homogenea,"1060,5",975,1067,958,"1016,916",515593,"524314948,5",3028
BMA,2024-01-08,48 hs.,Homogenea,"3148,6",3000,"3197,9",2941,"3082,941",172838,532849436,1881
BBAR,2024-01-08,48 hs.,Homogenea,"2039,8",1960,2050,1910,"1983,961",138794,"275361915,1",1983
ALUA,2024-01-08,48 hs.,Homogenea,"1083,5",1080,1117,1045,"1075,177",2114961,2273960219,11110
TECO2,2024-01-08,48 hs.,Homogenea,"1703,2",1680,1711,1600,"1661,994",249074,"413959508,1",2373
SUPV,2024-01-08,48 hs.,Homogenea,"868,85",790,870,"773,5","836,3",976453,"816607665,6",3195
PAMP,2024-01-08,48 hs.,Homogenea,"2366,75",2210,2388,2150,"2299,82",654494,"1505234198,75",9669
VALO,2024-01-05,48 hs.,Homogenea,"225,5",224,227,"219,5","223,16",569094,126999148,1758
TXAR,2024-01-05,48 hs.,Homogenea,"1011,5",938,1045,"936,5","992,808",2376334,2359243812,10109
CEPU,2024-01-05,48 hs.,Homogenea,"1040,25",992,1046,975,"1012,781",1690958,1712570707,5322
TGSU2,2024-01-05,48 hs.,Homogenea,"3238,2",3222,3280,3090,"3242,833",262932,852644496,2523
CRES,2024-01-05,48 hs.,Homogenea,"1036,75",1000,1051,"980,1","1011,385",562948,569357207,3914
BYMA,2024-01-05,48 hs.,Homogenea,974,908,979,908,"960,857",299844,288107117,2618
SUPV,2024-01-05,48 hs.,Homogenea,"788,15","766,5",791,752,"774,441",550819,426576788,2151
EDN,2024-01-05,48 hs.,Homogenea,"1034,3",1042,1065,1020,"1030,759",573548,591189538,3432
BMA,2024-01-05,48 hs.,Homogenea,2986,2900,3000,2806,"2934,407",234801,689001667,1503
PAMP,2024-01-05,48 hs.,Homogenea,"2208,6",2139,"2223,3",2090,"2154,573",897089,1932843845,8435
TRAN,2024-01-05,48 hs.,Homogenea,1185,1185,1203,1180,"1194,494",537124,641591223,1558
YPFD,2024-01-05,48 hs.,Homogenea,"19014,05",18099,19099,17800,"18505,824",344406,6373516861,6520
MIRG,2024-01-05,48 hs.,Homogenea,12252,10671,12350,10401,"11292,765","30937,5",349369902,1988
TECO2,2024-01-05,48 hs.,Homogenea,"1647,45",1522,1675,1488,"1601,144",200517,321056606,1642
ALUA,2024-01-05,48 hs.,Homogenea,"1083,5","1016,5",1090,1015,"1057,881",1611771,1705062460,8329
LOMA,2024-01-05,48 hs.,Homogenea,"1536,75",1484,"1564,1",1453,"1516,944",254017,385329443,1496
TGNO4,2024-01-05,48 hs.,Homogenea,2126,2135,2198,2060,"2157,089",214563,462831376,2620
BBAR,2024-01-05,48 hs.,Homogenea,"1905,3",1821,1930,1800,"1877,327",340685,639576984,1716
GGAL,2024-01-05,48 hs.,Homogenea,"1889,2",1800,1904,1771,"1849,602",2656526,4913514811,4093
COME,2024-01-05,48 hs.,Homogenea,"79,3","78,3","79,5",77,"78,749",2743692,216062050,4628
COME,2024-01-04,48 hs.,Homogenea,"77,95","75,7","78,2",73,"77,338",3065515,"237086233,15",4574
CEPU,2024-01-04,48 hs.,Homogenea,"968,6",950,973,919,"963,595",908394,"875323699,35",4214
BYMA,2024-01-04,48 hs.,Homogenea,"926,5",905,930,880,"909,811",362253,329831746,2272
BMA,2024-01-04,48 hs.,Homogenea,"2899,55",2862,2966,2860,"2908,971",183269,"533124186,7",1347
BBAR,2024-01-04,48 hs.,Homogenea,"1819,3",1785,1825,1779,"1803,228",373650,"673776112,3",1234
ALUA,2024-01-04,48 hs.,Homogenea,"1016,5",950,1018,"947,5","989,303",1225183,1212077314,7303
YPFD,2024-01-04,48 hs.,Homogenea,18085,17798,18350,17220,"18132,118",382150,"6929188993,7",6363
VALO,2024-01-04,48 hs.,Homogenea,"221,75",223,"224,75","217,5","219,895",433048,"95225239,5",2061
TXAR,2024-01-04,48 hs.,Homogenea,933,870,945,865,"908,143",1537267,1396574417,8182
TRAN,2024-01-04,48 hs.,Homogenea,"1183,5",1223,1238,1180,"1197,452",489394,"586025799,5",1965
TGSU2,2024-01-04,48 hs.,Homogenea,"3212,3",3180,3250,3100,"3181,341",227617,"724127213,1",2988
TGNO4,2024-01-04,48 hs.,Homogenea,2096,2018,"2124,5",2000,"2071,423",240763,498721952,2208
TECO2,2024-01-04,48 hs.,Homogenea,"1521,8",1446,1527,1446,"1487,002",261346,"388622016,35",1327
SUPV,2024-01-04,48 hs.,Homogenea,"766,2","778,1",788,"750,85","767,248",920761,"706452264,25",2727
PAMP,2024-01-04,48 hs.,Homogenea,"2140,5","2047,1","2148,95",2047,"2116,226",1347116,"2850802237,45",6882
MIRG,2024-01-04,48 hs.,Homogenea,10395,10148,10418,10101,"10315,854","14057,6","145016149,7",797
LOMA,2024-01-04,48 hs.,Homogenea,"1453,25",1450,1485,"1424,9","1446,188",125713,"181804694,5",1685
GGAL,2024-01-04,48 hs.,Homogenea,"1800,55",1772,1839,1758,"1817,515",3024680,"5497379761,9",3682
EDN,2024-01-04,48 hs.,Homogenea,"1042,9",1050,1089,1037,"1052,584",334803,"352408313,1",2858
CRES,2024-01-04,48 hs.,Homogenea,"995,55",960,1004,952,"985,186",573433,"564938238,35",3160
TRAN,2024-01-03,48 hs.,Homogenea,1213,1235,1260,1205,"1239,426",488088,"604948756,5",1632
COME,2024-01-03,48 hs.,Homogenea,"75,65","73,8","75,8","72,5","75,003",2992655,"224461481,4",3944
MIRG,2024-01-03,48 hs.,Homogenea,10077,"10103,5",10200,9920,"10040,028","17244,4","173134259,75",833
TXAR,2024-01-03,48 hs.,Homogenea,865,"829,5",876,817,"853,138",1550627,"1322899287,5",4551
ALUA,2024-01-03,48 hs.,Homogenea,945,905,953,"890,5","938,343",1697847,"1593151235,5",7175
PAMP,2024-01-03,48 hs.,Homogenea,"2047,1",1920,2060,1835,"1992,874",797695,"1589705522,05",6821
TGNO4,2024-01-03,48 hs.,Homogenea,2013,1980,2015,1930,"2004,29",474665,951366362,2670
YPFD,2024-01-03,48 hs.,Homogenea,17760,16600,17800,16385,"17165,434",320312,"5498294529,55",6699
SUPV,2024-01-03,48 hs.,Homogenea,"777,65","751,5",787,"751,5","777,18",679015,"527716659,85",1842
LOMA,2024-01-03,48 hs.,Homogenea,"1438,9",1395,"1449,9",1350,"1403,311",157124,"220493820,7",1332
BMA,2024-01-03,48 hs.,Homogenea,"2852,4",2820,2886,2781,"2868,036",329830,"945964337,55",2348
TECO2,2024-01-03,48 hs.,Homogenea,"1444,25","1411,9",1450,1380,"1436,134",153673,"220694994,5",1095
GGAL,2024-01-03,48 hs.,Homogenea,"1771,7",1699,1774,1665,"1731,726",2231061,"3863213516,9",3676
BYMA,2024-01-03,48 hs.,Homogenea,900,872,"907,5",861,"888,613",183482,163044430,1820
VALO,2024-01-03,48 hs.,Homogenea,"222,75",224,229,"221,75","223,768",296795,66413325,1685
EDN,2024-01-03,48 hs.,Homogenea,"1043,35",1000,1052,997,"1032,777",551342,569413606,3115
CEPU,2024-01-03,48 hs.,Homogenea,"933,15",915,"935,4",901,"920,925",655546,"603708538,55",3171
TGSU2,2024-01-03,48 hs.,Homogenea,"3152,25",3080,3180,"2957,25","3110,793",238601,"742238247,75",2226
CRES,2024-01-03,48 hs.,Homogenea,"951,05",931,"957,55",920,"939,037",645842,"606469272,1",3118
BBAR,2024-01-03,48 hs.,Homogenea,"1780,5",1762,1824,1710,"1795,297",265896,"477362335,65",1711
TRAN,2024-01-02,48 hs.,Homogenea,1234,1234,1249,1204,"1229,658",260221,319982849,1173
TXAR,2024-01-02,48 hs.,Homogenea,825,850,851,"818,5","833,696",780880,"651016488,5",3386
VALO,2024-01-02,48 hs.,Homogenea,"223,5","227,5","228,75",223,"224,678",192182,"43179109,75",1443
YPFD,2024-01-02,48 hs.,Homogenea,"16530,65",16850,16950,"16169,1","16392,562",206955,"3392522605,45",6513
ALUA,2024-01-02,48 hs.,Homogenea,"902,5",920,920,894,"904,567",580191,"524861289,5",4850
BBAR,2024-01-02,48 hs.,Homogenea,"1765,05",1775,1840,1700,"1737,099",304826,"529513091,5",1520
BMA,2024-01-02,48 hs.,Homogenea,"2788,5",2670,2790,2670,"2744,906",227565,"624644593,6",3443
BYMA,2024-01-02,48 hs.,Homogenea,"873,5",845,882,832,"852,906",324620,"276870334,5",2084
CEPU,2024-01-02,48 hs.,Homogenea,897,901,919,"866,5","885,401",810235,"717383157,55",3588
COME,2024-01-02,48 hs.,Homogenea,"73,9","73,4","74,05","72,2","73,121",1273781,"93140177,4",3512
CRES,2024-01-02,48 hs.,Homogenea,"930,55","920,7",944,902,"918,587",395819,"363614011,9",2960
EDN,2024-01-02,48 hs.,Homogenea,"993,95",942,1010,911,"986,231",1457833,"1437759665,4",3640
GGAL,2024-01-02,48 hs.,Homogenea,"1685,95",1688,1717,"1636,4","1661,288",1192504,"1979333369,55",3844
LOMA,2024-01-02,48 hs.,Homogenea,"1393,6",1407,1440,1338,"1371,695",80970,"111066126,15",1690
MIRG,2024-01-02,48 hs.,Homogenea,"10081,5","10390,5",10545,9720,"10128,304",5810,"58845444,7",541
PAMP,2024-01-02,48 hs.,Homogenea,"1915,35",1940,1959,1860,"1914,595",612819,"1173299988,7",5853
SUPV,2024-01-02,48 hs.,Homogenea,"776,65",782,795,750,"767,46",136062,"104422140,9",1766
TECO2,2024-01-02,48 hs.,Homogenea,"1411,9",1388,1415,1362,"1401,73",86775,"121635079,75",1147
TGNO4,2024-01-02,48 hs.,Homogenea,"1949,5",1814,1970,1805,"1886,474",429402,810055618,2607
TGSU2,2024-01-02,48 hs.,Homogenea,"3045,3","2956,15",3070,2895,"2980,676",878219,"2617686431,55",1912
VALO,2023-12-29,48 hs.,Homogenea,"225,25",225,231,221,"227,032",112138,"25458898,5",1366
GGAL,2023-12-29,48 hs.,Homogenea,1677,1670,1700,"1622,5","1657,743",3423598,"5675073435,8",3550
LOMA,2023-12-29,48 hs.,Homogenea,"1393,55",1320,1400,"1313,5","1362,665",83189,"113358772,35",1250
MIRG,2023-12-29,48 hs.,Homogenea,"10390,5",10299,10599,"10254,5","10397,095","5467,6","56847159,35",516
PAMP,2023-12-29,48 hs.,Homogenea,"1931,6",1850,1938,1805,"1847,205",1644386,"3037517830,65",7276
SUPV,2023-12-29,48 hs.,Homogenea,"779,45",813,819,768,"778,128",416713,324255971,1877
TECO2,2023-12-29,48 hs.,Homogenea,1383,1369,1405,1335,"1368,245",325184,"444931520,85",1596
TGNO4,2023-12-29,48 hs.,Homogenea,1804,1730,"1816,5",1730,"1786,759",179827,321307562,1758
TGSU2,2023-12-29,48 hs.,Homogenea,"2956,15",2859,2970,2750,"2887,399",327898,"946772390,4",2009
TRAN,2023-12-29,48 hs.,Homogenea,1210,1200,1250,"1187,5","1209,515",187120,"226324441,5",1016
TXAR,2023-12-29,48 hs.,Homogenea,849,825,850,825,"841,356",1001501,"842619006,5",3570
ALUA,2023-12-29,48 hs.,Homogenea,"920,5",887,925,870,"896,697",637588,571723426,4432
BBAR,2023-12-29,48 hs.,Homogenea,"1775,25",1810,1810,"1702,55","1766,043",67853,"119831300,8",1066
BMA,2023-12-29,48 hs.,Homogenea,2670,2807,2825,2582,"2683,166",603848,"1620224667,45",1725
BYMA,2023-12-29,48 hs.,Homogenea,"843,5",816,849,816,"837,749",178157,"149250764,5",1508
CEPU,2023-12-29,48 hs.,Homogenea,"900,6",870,"909,5",840,"884,922",795119,"703618204,3",2675
COME,2023-12-29,48 hs.,Homogenea,"73,4",73,"73,8","70,55","72,955",2040367,148854433,3132
CRES,2023-12-29,48 hs.,Homogenea,"920,7",910,932,862,"904,005",645420,"583463021,25",2792
EDN,2023-12-29,48 hs.,Homogenea,942,949,961,900,"934,813",228086,"213217780,7",1889
YPFD,2023-12-29,48 hs.,Homogenea,"16688,2",16000,16750,15968,"16240,926",695726,"11298701164,15",7338
VALO,2023-12-28,48 hs.,Homogenea,"224,5","211,5","224,75","211,5","215,462",469466,"101152072,5",1320
GGAL,2023-12-28,48 hs.,Homogenea,"1664,65",1620,1689,1595,"1655,125",4468038,"7392742995,7",4424
LOMA,2023-12-28,48 hs.,Homogenea,"1326,6",1275,1354,1260,"1336,024",158078,"211195950,65",1158
MIRG,2023-12-28,48 hs.,Homogenea,10254,10332,"10398,5",9521,"10085,322","8919,7","89958049,1",638
PAMP,2023-12-28,48 hs.,Homogenea,"1864,05",1827,"1887,2",1784,"1837,836",1325540,"2436125719,85",4950
SUPV,2023-12-28,48 hs.,Homogenea,"792,3",782,"817,75",750,"791,192",326467,"258298112,3",1745
TECO2,2023-12-28,48 hs.,Homogenea,"1338,2",1340,"1419,05",1305,"1379,53",386755,"533539963,05",909
TGNO4,2023-12-28,48 hs.,Homogenea,"1715,5","1658,5",1725,1560,"1630,768",399492,651478669,1493
TGSU2,2023-12-28,48 hs.,Homogenea,2859,2754,2900,2670,"2791,453",398676,"1112885455,6",2030
TRAN,2023-12-28,48 hs.,Homogenea,1200,1150,1218,1121,"1152,07",677430,780446960,1233
TXAR,2023-12-28,48 hs.,Homogenea,"816,5","786,5",829,"780,5","812,882",1861894,1513499877,4986
ALUA,2023-12-28,48 hs.,Homogenea,870,840,"899,5",840,"871,669",1398826,"1219313908,5",5541
BBAR,2023-12-28,48 hs.,Homogenea,"1753,2",1740,1795,"1702,5","1743,175",171106,"298267687,6",1168
BMA,2023-12-28,48 hs.,Homogenea,"2733,05",2557,2807,2506,"2675,946",603883,"1615958275,85",1292
BYMA,2023-12-28,48 hs.,Homogenea,"815,5",807,849,800,"828,863",353389,"292910947,5",1403
CEPU,2023-12-28,48 hs.,Homogenea,"867,4",843,895,812,"847,781",991870,"840888258,15",2120
COME,2023-12-28,48 hs.,Homogenea,"72,4","69,1","72,95",67,"71,594",1855573,"132847189,75",3048
CRES,2023-12-28,48 hs.,Homogenea,"895,95",855,911,847,"875,797",1467509,"1285240203,65",2128
EDN,2023-12-28,48 hs.,Homogenea,"931,15","897,5","944,95",875,"902,538",407062,"367389047,85",1814
YPFD,2023-12-28,48 hs.,Homogenea,"15968,5",15700,16400,15520,"16087,346",550888,"8862326077,4",4932
SUPV,2023-12-27,48 hs.,Homogenea,"778,8","810,5","844,9","769,65","788,789",337442,266170595,1455
TECO2,2023-12-27,48 hs.,Homogenea,"1327,55",1445,1461,"1299,35","1362,485",154861,210995744,1063
TGNO4,2023-12-27,48 hs.,Homogenea,1614,1710,1711,1565,"1631,885",132245,215808643,1523
TGSU2,2023-12-27,48 hs.,Homogenea,"2747,2",2900,2940,2730,"2799,904",295949,828628827,1722
TRAN,2023-12-27,48 hs.,Homogenea,1141,1130,1180,1122,"1144,011",445933,510152432,1176
TXAR,2023-12-27,48 hs.,Homogenea,769,813,813,747,"775,571",1540861,1195046928,4449
VALO,2023-12-27,48 hs.,Homogenea,"213,5","223,5",226,213,"219,949",498344,109610007,1194
YPFD,2023-12-27,48 hs.,Homogenea,"15696,85",16425,16425,15650,"16008,24",310641,4972815525,5095
ALUA,2023-12-27,48 hs.,Homogenea,840,890,915,828,"857,238",1469962,1260107275,5830
BBAR,2023-12-27,48 hs.,Homogenea,"1739,45",1794,1835,1733,"1781,392",275909,491502003,1270
BMA,2023-12-27,48 hs.,Homogenea,"2553,2","2726,45",2780,2530,"2630,242",257972,678528781,1348
BYMA,2023-12-27,48 hs.,Homogenea,"817,5",875,895,809,"853,26",382965,326768518,1253
CEPU,2023-12-27,48 hs.,Homogenea,"820,4",918,918,802,"852,542",710735,605931379,2706
COME,2023-12-27,48 hs.,Homogenea,"70,05",73,"73,8","68,6","70,908",2543683,180366208,3038
CRES,2023-12-27,48 hs.,Homogenea,"848,9",900,931,840,"879,525",786073,691371011,2399
EDN,2023-12-27,48 hs.,Homogenea,"892,75",952,952,880,"902,09",164935,148786250,1895
GGAL,2023-12-27,48 hs.,Homogenea,"1600,35",1680,"1711,2","1526,5","1656,005",1789277,2963052336,3250
LOMA,2023-12-27,48 hs.,Homogenea,"1304,4",1270,"1333,5",1261,"1312,581",356137,467458639,1831
MIRG,2023-12-27,48 hs.,Homogenea,10213,10507,10507,10050,"10155,698","6217,2",63140007,538
PAMP,2023-12-27,48 hs.,Homogenea,"1826,1","1881,5",1917,"1786,5","1849,679",519151,960262852,4424
TECO2,2023-12-26,48 hs.,Homogenea,"1432,85",1520,1537,1422,"1466,346",201058,"294820555,35",936
SUPV,2023-12-26,48 hs.,Homogenea,"815,6",860,908,"787,3","815,584",542161,"442177674,1",2545
TGSU2,2023-12-26,48 hs.,Homogenea,"2869,8",2955,3057,"2824,65","2880,3",394168,"1135322054,15",2311
TRAN,2023-12-26,48 hs.,Homogenea,1166,1200,1204,1142,"1175,754",247931,"291505837,5",1497
TXAR,2023-12-26,48 hs.,Homogenea,800,845,855,"788,5","802,576",1529530,1227563702,5017
VALO,2023-12-26,48 hs.,Homogenea,"223,5","226,75",229,223,"226,144",251150,56796112,1592
YPFD,2023-12-26,48 hs.,Homogenea,"16425,15",16800,17000,"16269,65","16579,602",244149,"4047893356,05",5254
ALUA,2023-12-26,48 hs.,Homogenea,887,940,941,870,"903,17",1395986,"1260812405,5",6211
BBAR,2023-12-26,48 hs.,Homogenea,"1786,15",1886,1886,1743,"1799,806",107575,"193614100,45",1345
BMA,2023-12-26,48 hs.,Homogenea,"2726,45",2900,2921,"2707,5","2746,475",274269,"753273065,75",1626
BYMA,2023-12-26,48 hs.,Homogenea,872,891,900,865,"876,426",435115,"381346172,5",1336
CEPU,2023-12-26,48 hs.,Homogenea,889,926,935,881,"898,838",543508,"488525702,65",2446
COME,2023-12-26,48 hs.,Homogenea,"72,9","72,7","74,85","70,5","73,165",3075225,"224998301,65",4746
CRES,2023-12-26,48 hs.,Homogenea,"898,75",935,943,892,"919,902",441603,"406231365,05",2475
EDN,2023-12-26,48 hs.,Homogenea,"935,5",950,968,"905,1","932,189",248188,"231358138,8",2100
GGAL,2023-12-26,48 hs.,Homogenea,"1664,15",1762,1780,"1647,05","1689,51",1735761,"2931619397,8",3659
LOMA,2023-12-26,48 hs.,Homogenea,"1299,95",1344,1344,"1286,15","1302,183",275069,"358190223,7",1476
MIRG,2023-12-26,48 hs.,Homogenea,10282,10600,10600,10101,"10362,15","9479,1","98223857,55",581
PAMP,2023-12-26,48 hs.,Homogenea,"1881,25",1960,2000,"1859,05","1895,116",752451,"1425981658,85",5716
TGNO4,2023-12-26,48 hs.,Homogenea,"1691,5",1710,1760,1605,"1701,364",250060,425443012,2367
TECO2,2023-12-22,48 hs.,Homogenea,"1496,7","1551,9",1584,"1477,25","1509,107",75218,"113512012,9",957
SUPV,2023-12-22,48 hs.,Homogenea,"844,9",871,898,"823,8","871,315",754917,"657770229,5",2773
TGSU2,2023-12-22,48 hs.,Homogenea,"2930,05",2950,"2988,25",2833,"2941,894",299138,"880032248,05",1756
TRAN,2023-12-22,48 hs.,Homogenea,1173,1170,1180,1102,"1157,529",235659,"272782168,5",924
TXAR,2023-12-22,48 hs.,Homogenea,"845,5",876,876,835,"848,616",689330,584976187,2953
VALO,2023-12-22,48 hs.,Homogenea,"226,75",224,229,224,"227,071",220125,49984042,1456
YPFD,2023-12-22,48 hs.,Homogenea,"16866,6",17099,17099,16651,"16817,998",280119,"4711040734,6",7327
ALUA,2023-12-22,48 hs.,Homogenea,"941,5",951,960,903,"946,372",1075200,"1017539650,5",4692
BBAR,2023-12-22,48 hs.,Homogenea,"1854,55",1840,"1874,75",1760,"1832,744",191659,"351261795,8",1293
BMA,2023-12-22,48 hs.,Homogenea,"2880,4","2819,95",2938,2735,"2828,725",125492,"354982385,85",1500
BYMA,2023-12-22,48 hs.,Homogenea,"891,5",888,"919,5",860,"891,453",385004,"343213020,5",1627
CEPU,2023-12-22,48 hs.,Homogenea,"921,85",900,939,862,"902,099",1108390,"999877781,5",2498
COME,2023-12-22,48 hs.,Homogenea,"72,7",69,"73,5",67,"71,246",5057578,"360329766,35",3530
CRES,2023-12-22,48 hs.,Homogenea,"931,35",915,"943,95",900,"925,989",477335,"442006829,8",2677
EDN,2023-12-22,48 hs.,Homogenea,"938,4","958,5",974,"909,7","939,623",475652,"446933357,15",2300
GGAL,2023-12-22,48 hs.,Homogenea,"1756,15",1725,"1786,85",1675,"1749,47",1837484,"3212863962,25",3299
LOMA,2023-12-22,48 hs.,Homogenea,"1320,3",1350,1400,1300,"1323,315",132049,"174742356,5",1253
MIRG,2023-12-22,48 hs.,Homogenea,"10671,5","11187,5","11199,5",10508,"10648,117","9488,6","101035723,6",687
PAMP,2023-12-22,48 hs.,Homogenea,"1949,05",1947,1980,1878,"1947,207",771238,"1501759811,85",5135
TGNO4,2023-12-22,48 hs.,Homogenea,"1698,5",1690,1710,1580,"1645,791",382146,628932277,2134
TECO2,2023-12-21,48 hs.,Homogenea,"1551,9",1520,1590,"1477,8","1544,23",156915,"242312850,2",1099
SUPV,2023-12-21,48 hs.,Homogenea,"861,05",806,910,801,"868,789",1242180,1079192422,4594
TGSU2,2023-12-21,48 hs.,Homogenea,"2880,8",2920,"3012,2","2731,65","2827,66",382364,"1081195215,2",3090
TRAN,2023-12-21,48 hs.,Homogenea,"1147,5",1100,"1164,5",1094,"1140,672",970075,"1106537136,5",1476
TXAR,2023-12-21,48 hs.,Homogenea,858,830,885,792,"820,935",1588837,"1304332695,5",5668
VALO,2023-12-21,48 hs.,Homogenea,"224,5",220,"229,5",220,"224,975",384677,86542525,2042
YPFD,2023-12-21,48 hs.,Homogenea,"17129,9",17010,18000,16600,"17097,999",338020,"5779465645,45",9233
ALUA,2023-12-21,48 hs.,Homogenea,949,971,999,902,"931,658",1543638,"1438143023,5",6880
BBAR,2023-12-21,48 hs.,Homogenea,"1819,6",1791,1925,"1736,5","1813,043",454621,"824247208,9",2896
BMA,2023-12-21,48 hs.,Homogenea,"2806,65",2695,2835,2670,"2766,464",282091,"780394613,75",2351
BYMA,2023-12-21,48 hs.,Homogenea,"888,5",845,890,845,"875,683",524711,"459480362,5",2604
CEPU,2023-12-21,48 hs.,Homogenea,"885,1","888,952","967,97","819,811","862,341",1384404,1208665062,4440
COME,2023-12-21,48 hs.,Homogenea,"67,95","68,3","69,65","66,75","67,918",4302782,"292235362,9",3527
CRES,2023-12-21,48 hs.,Homogenea,911,929,965,893,"916,903",885299,"811733483,15",4031
EDN,2023-12-21,48 hs.,Homogenea,"938,4","960,15",1010,902,"939,074",651868,"612152531,1",3908
GGAL,2023-12-21,48 hs.,Homogenea,"1723,1",1680,"1819,5",1678,"1739,834",2518674,"4376971822,25",5706
LOMA,2023-12-21,48 hs.,Homogenea,"1347,7",1341,1372,1286,"1315,991",194802,"256357626,9",1709
MIRG,2023-12-21,48 hs.,Homogenea,"11097,5",10898,11499,10666,"11036,47","15636,5","172571762,85",880
PAMP,2023-12-21,48 hs.,Homogenea,"1919,5",1949,"2000,5","1856,55","1908,911",1181364,"2255118551,5",7996
TGNO4,2023-12-21,48 hs.,Homogenea,1675,1785,1850,"1619,5","1692,236",409121,"692329375,5",2408
TECO2,2023-12-20,48 hs.,Homogenea,"1555,45",1525,1580,"1480,05","1527,18",105155,160590645,1050
SUPV,2023-12-20,48 hs.,Homogenea,"783,75",710,797,"689,05","771,459",755838,"583097683,5",2524
TGSU2,2023-12-20,48 hs.,Homogenea,"2873,95",2875,"2968,55",2801,"2893,849",362877,"1050111351,95",1998
TRAN,2023-12-20,48 hs.,Homogenea,1093,1135,1149,1058,"1116,439",208381,"232644651,5",1025
TXAR,2023-12-20,48 hs.,Homogenea,825,852,869,817,"845,688",1348235,"1140186225,5",5119
VALO,2023-12-20,48 hs.,Homogenea,218,220,220,215,"218,209",291709,"63653563,25",1490
YPFD,2023-12-20,48 hs.,Homogenea,"16788,75",16733,17100,16200,"16719,14",326357,"5456408331,2",5162
ALUA,2023-12-20,48 hs.,Homogenea,"952,5",992,1019,945,"983,85",1142922,"1124464051,5",5410
BBAR,2023-12-20,48 hs.,Homogenea,"1750,4",1654,"1772,9",1622,"1724,353",351418,"605968617,85",1575
BMA,2023-12-20,48 hs.,Homogenea,"2630,95","2520,5",2714,2506,"2634,672",131720,"347038956,9",1409
BYMA,2023-12-20,48 hs.,Homogenea,"835,5","817,5",880,810,"854,417",424878,363022782,2105
CEPU,2023-12-20,48 hs.,Homogenea,"854,629","871,321","907,719","840,652","877,943",1046228,"929944190,55",3131
COME,2023-12-20,48 hs.,Homogenea,"66,95",68,68,"66,6","67,124",2355459,"158107859,35",2870
CRES,2023-12-20,48 hs.,Homogenea,"922,1",950,965,"907,55","922,859",805709,"743556003,65",3221
EDN,2023-12-20,48 hs.,Homogenea,"951,75",999,"1007,95","932,5","964,888",522163,"503828855,35",3962
GGAL,2023-12-20,48 hs.,Homogenea,"1674,95",1600,"1692,5","1598,55","1651,212",2516059,"4150990374,15",3793
LOMA,2023-12-20,48 hs.,Homogenea,"1305,15",1280,1336,1280,"1304,883",264886,"345610151,6",1157
MIRG,2023-12-20,48 hs.,Homogenea,11105,11639,11639,11001,"11325,388","13112,7","148506415,8",513
PAMP,2023-12-20,48 hs.,Homogenea,"1912,15",1940,1969,1885,"1924,84",988277,"1902274869,1",5451
TGNO4,2023-12-20,48 hs.,Homogenea,1731,1733,1782,1700,"1745,666",220366,384685531,1465
VALO,2023-12-19,48 hs.,Homogenea,216,"213,5","219,75",212,"218,03",509720,"111134492,75",1685
TXAR,2023-12-19,48 hs.,Homogenea,837,822,"846,5","820,5","834,586",1793556,"1496875932,5",3740
CEPU,2023-12-19,48 hs.,Homogenea,"871,321","927,473","957,105","869,198","896,288",965229,"875874732,65",3842
TGSU2,2023-12-19,48 hs.,Homogenea,"2847,7",3000,"3097,9","2831,5","2933,995",385737,"1131750595,5",2727
CRES,2023-12-19,48 hs.,Homogenea,"934,5",956,1000,928,"963,496",471908,"454681383,3",2790
BYMA,2023-12-19,48 hs.,Homogenea,"817,5",808,840,800,"823,719",236180,"194546054,5",1700
SUPV,2023-12-19,48 hs.,Homogenea,711,730,755,"709,35","721,169",572668,"412990304,3",1434
EDN,2023-12-19,48 hs.,Homogenea,"1004,25",1040,1100,"999,5","1031,772",509286,"525466883,9",3315
BMA,2023-12-19,48 hs.,Homogenea,"2520,3",2600,2655,2470,"2536,887",156635,"397365253,95",1731
PAMP,2023-12-19,48 hs.,Homogenea,"1939,9","1972,7",1995,"1908,05","1946,244",1085029,"2111730920,5",5904
TRAN,2023-12-19,48 hs.,Homogenea,1113,1137,"1175,5",1081,"1140,697",215153,245424283,1329
YPFD,2023-12-19,48 hs.,Homogenea,"16714,45",16900,17250,16500,"16958,005",264255,"4481237645,4",5499
MIRG,2023-12-19,48 hs.,Homogenea,"11639,5",11622,"11849,5",11196,"11634,478","7634,3","88821096,4",381
TECO2,2023-12-19,48 hs.,Homogenea,"1520,8","1528,4","1589,5",1495,"1557,573",126900,"197656061,2",1140
ALUA,2023-12-19,48 hs.,Homogenea,"989,5",960,"991,5",954,"980,887",767450,"752715416,5",5165
LOMA,2023-12-19,48 hs.,Homogenea,"1304,6",1335,1350,"1286,45","1322,651",152971,"202327276,55",1026
TGNO4,2023-12-19,48 hs.,Homogenea,1733,1710,1765,1658,"1718,209",186584,320590378,2065
BBAR,2023-12-19,48 hs.,Homogenea,"1653,8",1725,1776,1648,"1689,392",257719,"435388370,65",1444
GGAL,2023-12-19,48 hs.,Homogenea,"1601,15","1659,9",1675,1595,"1630,299",1531389,"2490827464,55",3229
COME,2023-12-19,48 hs.,Homogenea,"67,1",66,68,66,"67,092",4471339,"299990817,55",3205
COME,2023-12-18,48 hs.,Homogenea,"66,9",66,68,"64,5","66,862",3301964,"220775550,75",3001
CEPU,2023-12-18,48 hs.,Homogenea,"907,225","911,67","954,142","854,382","909,654",1079158,"993860266,45",4043
BYMA,2023-12-18,48 hs.,Homogenea,806,825,"869,5","790,5","809,536",361252,292446436,1718
BMA,2023-12-18,48 hs.,Homogenea,"2578,45",2690,2760,2536,"2656,555",272065,"722755603,5",1455
BBAR,2023-12-18,48 hs.,Homogenea,"1710,8",1690,"1774,5",1640,"1696,151",86673,"147010531,85",1069
ALUA,2023-12-18,48 hs.,Homogenea,"951,5",925,970,909,"939,832",1525165,1433373545,7564
YPFD,2023-12-18,48 hs.,Homogenea,"16899,7",17017,17475,16601,"17018,167",235741,4011879800,6436
VALO,2023-12-18,48 hs.,Homogenea,"211,75",217,221,210,"214,458",2090064,448231966,1639
TXAR,2023-12-18,48 hs.,Homogenea,"815,5",830,839,780,"812,764",1424612,"1157873240,5",4711
TRAN,2023-12-18,48 hs.,Homogenea,"1128,5",1118,1138,1050,"1106,943",312418,345828908,1478
TGSU2,2023-12-18,48 hs.,Homogenea,"2985,35",3050,3130,"2902,85","3003,856",202210,"607409739,6",2723
TGNO4,2023-12-18,48 hs.,Homogenea,1704,1740,"1774,5",1605,"1680,966",294092,"494358592,5",2865
TECO2,2023-12-18,48 hs.,Homogenea,"1528,4",1480,1580,1450,"1499,414",127481,"191146810,55",1028
SUPV,2023-12-18,48 hs.,Homogenea,"725,05",745,"747,45",705,"728,918",234907,"171227952,75",1352
PAMP,2023-12-18,48 hs.,Homogenea,"1944,3","1950,55",1999,1875,"1929,947",876690,"1691964859,6",6656
MIRG,2023-12-18,48 hs.,Homogenea,11622,12100,12499,11010,"11569,536","7824,3","90523522,75",564
LOMA,2023-12-18,48 hs.,Homogenea,"1301,15",1314,1335,1250,"1295,921",184219,"238733286,3",1380
GGAL,2023-12-18,48 hs.,Homogenea,"1646,7",1640,1670,"1599,95","1640,902",1579691,"2590188864,55",3098
EDN,2023-12-18,48 hs.,Homogenea,"1037,6",980,1047,976,"1005,382",571278,"574352691,75",4305
CRES,2023-12-18,48 hs.,Homogenea,"953,75",975,990,"940,4","961,031",432166,"415325005,6",2846
TRAN,2023-12-15,48 hs.,Homogenea,"1114,5",1160,1225,1101,"1112,827",315441,"354366816,5",1579
COME,2023-12-15,48 hs.,Homogenea,"67,5","70,5","70,5","66,5","59,165",5348609,"363155213,15",3177
MIRG,2023-12-15,48 hs.,Homogenea,"11981,5",12000,12130,11505,"11968,075","11218,8","134267434,7",731
TXAR,2023-12-15,48 hs.,Homogenea,810,880,897,"793,5","813,482",1660000,"1369372406,5",6367
ALUA,2023-12-15,48 hs.,Homogenea,923,810,1035,690,"648,041",2278536,"2178611225,5",7802
PAMP,2023-12-15,48 hs.,Homogenea,"1950,55",2017,2052,"1914,95","1885,714",1135034,"2206557226,5",6702
TGNO4,2023-12-15,48 hs.,Homogenea,"1698,5",1870,1880,"1651,5","1685,949",301894,524612922,2515
YPFD,2023-12-15,48 hs.,Homogenea,"17015,9",18015,18200,16951,"16087,811",306455,"5296205792,8",7352
SUPV,2023-12-15,48 hs.,Homogenea,"729,9",796,805,"727,25","753,477",212659,"160444382,75",1426
LOMA,2023-12-15,48 hs.,Homogenea,"1315,6",1420,1450,"1305,05","1365,034",276352,"377229873,5",1423
BMA,2023-12-15,48 hs.,Homogenea,"2696,75",2880,2919,2600,"2758,576",380454,"1051403705,95",1366
TECO2,2023-12-15,48 hs.,Homogenea,"1520,1",1585,1605,1500,"1518,534",134854,"205133446,9",1186
GGAL,2023-12-15,48 hs.,Homogenea,"1652,5","1851,5","1851,5",1640,"1523,69",3948815,"6702588247,4",4259
BYMA,2023-12-15,48 hs.,Homogenea,"825,5","863,5",887,810,"838,236",351605,"296176267,5",1793
VALO,2023-12-15,48 hs.,Homogenea,"217,75","225,25",230,217,"222,099",1385657,307753335,1710
EDN,2023-12-15,48 hs.,Homogenea,"963,65",1025,1050,950,"980,546",424267,"416013335,65",3053
CEPU,2023-12-15,48 hs.,Homogenea,"914,633","1013,405","1013,702","890,928","956,391",1517206,"1469607039,1",4294
TGSU2,2023-12-15,48 hs.,Homogenea,"3039,1",3256,3256,"2961,8","3008,789",451709,"1362430498,35",2617
CRES,2023-12-15,48 hs.,Homogenea,"964,65",1020,"1044,2",932,"959,119",580038,"562983230,55",3248
BBAR,2023-12-15,48 hs.,Homogenea,"1706,45",1853,1890,1683,"1773,172",165824,"294397793,7",1096
TRAN,2023-12-14,48 hs.,Homogenea,"1187,5",1210,1261,1165,"1199,407",198554,238199519,1415
TXAR,2023-12-14,48 hs.,Homogenea,882,"939,5",955,870,"897,939",1429027,"1286897019,5",5261
VALO,2023-12-14,48 hs.,Homogenea,"226,5",224,230,"223,25","226,129",467792,"105781475,25",2080
YPFD,2023-12-14,48 hs.,Homogenea,"17995,45",19000,19000,17760,"17206,171",376031,6829507553,7623
ALUA,2023-12-14,48 hs.,Homogenea,"1026,5",1055,1070,993,"1004,062",1901423,1929221956,6535
BBAR,2023-12-14,48 hs.,Homogenea,"1859,1",1900,1924,1830,"1884,987",155469,"293085555,8",1452
BMA,2023-12-14,48 hs.,Homogenea,"2881,05",2900,"2989,5",2800,"2900,759",381587,"1106992138,4",1927
BYMA,2023-12-14,48 hs.,Homogenea,"863,5",895,909,850,"875,767",271279,"239946078,5",2197
CEPU,2023-12-14,48 hs.,Homogenea,"1013,751","1007,479","1066,743","967,97","997,11",1172779,"1184100059,8",3511
COME,2023-12-14,48 hs.,Homogenea,"69,95",71,"71,5",69,"67,88",5271528,371614904,4003
CRES,2023-12-14,48 hs.,Homogenea,"1011,45",1049,1049,1006,"1021,738",521782,"533736438,65",3125
EDN,2023-12-14,48 hs.,Homogenea,"1024,3",1052,1117,1015,"1033,715",718831,"743200954,45",3738
GGAL,2023-12-14,48 hs.,Homogenea,"1788,85",1835,1903,1780,"1692,427",3493588,"6312191000,45",4221
LOMA,2023-12-14,48 hs.,Homogenea,"1399,15","1398,8",1470,"1355,1","1396,89",135951,"189908550,3",1547
MIRG,2023-12-14,48 hs.,Homogenea,11847,12140,12400,"11500,5","11665,032","11614,6","135484681,4",467
PAMP,2023-12-14,48 hs.,Homogenea,"2029,6",2060,2130,"1985,5","2020,412",820356,"1663239687,8",6862
SUPV,2023-12-14,48 hs.,Homogenea,"799,45",812,850,"778,05","808,256",343853,"278116200,1",1907
TECO2,2023-12-14,48 hs.,Homogenea,"1582,2",1690,1699,1575,"1612,441",210310,"339156752,9",1680
TGNO4,2023-12-14,48 hs.,Homogenea,1854,1860,1980,1800,"1911,086",552812,1058173204,2773
TGSU2,2023-12-14,48 hs.,Homogenea,"3131,2",3080,3180,"3005,5","3113,849",416464,"1296928829,95",2776
ALUA,2023-12-13,48 hs.,Homogenea,"1044,5",1150,1180,1021,"1081,472",1368631,"1481864561,5",7681
BBAR,2023-12-13,48 hs.,Homogenea,"1888,65",1865,"1948,5",1785,"1847,426",205277,"379234078,65",1721
BMA,2023-12-13,48 hs.,Homogenea,"2836,05",2782,3300,"2596,15","2767,213",191173,"529016488,9",1839
BYMA,2023-12-13,48 hs.,Homogenea,"881,5",980,1000,850,"899,656",368122,"332007421,5",2974
CEPU,2023-12-13,48 hs.,Homogenea,"991,972","977,847","1106,252","918,584","962,099",1159810,"1129856426,4",4479
COME,2023-12-13,48 hs.,Homogenea,"70,65","72,75",74,68,"69,975",4556202,"321117419,25",4876
CRES,2023-12-13,48 hs.,Homogenea,"1021,6",1065,1150,983,"1019,163",897067,914257540,4454
EDN,2023-12-13,48 hs.,Homogenea,"1041,85",1101,1200,990,"1041,006",827247,"861169329,35",4975
GGAL,2023-12-13,48 hs.,Homogenea,"1827,3",1830,1921,1705,"1770,6",3411926,"6062846245,8",4893
LOMA,2023-12-13,48 hs.,Homogenea,"1397,75",1425,1495,1340,"1389,452",137786,"191446992,7",1732
MIRG,2023-12-13,48 hs.,Homogenea,11945,11938,12600,"11151,5","11731,929","9082,3","106552900,85",616
PAMP,2023-12-13,48 hs.,Homogenea,"2060,35",2089,2234,1977,"2042,813",922712,"1885610584,45",8930
SUPV,2023-12-13,48 hs.,Homogenea,811,764,815,"750,05","778,762",484670,"377442527,35",2653
TECO2,2023-12-13,48 hs.,Homogenea,"1683,9",1795,1845,1620,"1682,05",135745,"228329851,65",1725
TGNO4,2023-12-13,48 hs.,Homogenea,"1860,5",1800,1890,1616,"1758,922",371105,652744619,2903
TGSU2,2023-12-13,48 hs.,Homogenea,"3083,4",3190,3324,2916,"3055,226",345517,"1055743738,05",3237
TRAN,2023-12-13,48 hs.,Homogenea,1210,1269,1315,1120,"1184,693",686951,"813963236,5",2515
TXAR,2023-12-13,48 hs.,Homogenea,929,1040,1070,909,"963,661",1292577,1246170103,5618
VALO,2023-12-13,48 hs.,Homogenea,"224,75",220,233,"215,5","220,612",665933,146912988,2450
YPFD,2023-12-13,48 hs.,Homogenea,"18191,65",19500,19990,16999,"17969,922",555282,"9986185164,45",9317
VALO,2023-12-12,48 hs.,Homogenea,"222,25",210,226,210,"223,227",2231654,498166037,3617
EDN,2023-12-12,48 hs.,Homogenea,1038,940,"1059,2","930,05","987,28",1288008,1271625011,5648
CRES,2023-12-12,48 hs.,Homogenea,"1020,25",969,1044,942,"980,412",1940009,"1902224903,15",7240
COME,2023-12-12,48 hs.,Homogenea,"70,35",70,"72,1","67,6","69,28",7295459,"506678920,45",6146
CEPU,2023-12-12,48 hs.,Homogenea,"964,711","899,817","977,847","875,865","931,971",957110,"903084160,15",4947
BYMA,2023-12-12,48 hs.,Homogenea,943,894,950,890,"915,488",253538,"232145524,5",3051
BMA,2023-12-12,48 hs.,Homogenea,"2713,8",2775,2905,2687,"2756,458",226151,"623471302,65",2025
BBAR,2023-12-12,48 hs.,Homogenea,"1855,8",1890,1930,1790,"1852,661",516615,957112285,3546
ALUA,2023-12-12,48 hs.,Homogenea,"1115,5",1145,1145,1070,"1116,602",1841285,2056237627,9108
TXAR,2023-12-12,48 hs.,Homogenea,1003,995,1025,951,"994,444",1473954,1465962369,5558
TRAN,2023-12-12,48 hs.,Homogenea,"1196,5",1195,1238,1170,"1204,417",992266,"1195102534,5",2985
TGSU2,2023-12-12,48 hs.,Homogenea,"3044,85",2900,3100,"2795,25","2965,578",703746,"2087106500,55",3979
TGNO4,2023-12-12,48 hs.,Homogenea,"1707,5",1545,1730,"1491,5","1584,366",400239,639830503,2700
TECO2,2023-12-12,48 hs.,Homogenea,"1752,45",1700,1770,1601,"1725,908",233521,"403035842,05",1761
SUPV,2023-12-12,48 hs.,Homogenea,"764,35",785,850,760,"787,78",689444,"543130519,25",3297
PAMP,2023-12-12,48 hs.,Homogenea,"2061,35",1975,2089,1910,"1998,592",1478676,"2955811437,95",8623
MIRG,2023-12-12,48 hs.,Homogenea,11938,11728,11999,11600,"11834,303","7403,3","87612897,35",615
LOMA,2023-12-12,48 hs.,Homogenea,"1409,9",1300,1420,1289,"1360,834",322430,"438773615,5",3001
YPFD,2023-12-12,48 hs.,Homogenea,"18217,15",17801,18380,17252,"17856,124",653701,11684361297,11729
GGAL,2023-12-12,48 hs.,Homogenea,"1780,85",1787,"1833,75","1733,5","1750,179",1965001,"3508828282,65",5314
CRES,2023-12-11,48 hs.,Homogenea,"947,2",978,1000,919,"942,986",1039329,"980072820,05",6321
VALO,2023-12-11,48 hs.,Homogenea,"209,25",193,"211,5",193,"200,739",547334,109871302,2850
BYMA,2023-12-11,48 hs.,Homogenea,891,831,938,800,"845,801",229698,"195051004,5",2284
TGSU2,2023-12-11,48 hs.,Homogenea,"2896,3",2800,2989,2702,"2847,475",550355,"1567136740,2",3616
EDN,2023-12-11,48 hs.,Homogenea,"926,55",865,948,850,"907,747",852962,"774273312,75",4163
TGNO4,2023-12-11,48 hs.,Homogenea,"1524,5",1560,1560,"1416,5","1500,007",454493,681742724,2377
BMA,2023-12-11,48 hs.,Homogenea,"2772,75",2700,2899,2500,"2577,43",150651,"410228152,7",1935
TECO2,2023-12-11,48 hs.,Homogenea,"1698,05",1680,1704,"1554,15","1614,826",270944,"437527528,45",2188
COME,2023-12-11,48 hs.,Homogenea,"69,4","68,5",71,66,"67,833",5272103,"359646227,9",5321
SUPV,2023-12-11,48 hs.,Homogenea,"784,95","749,1","794,5","733,05","770,466",305292,"235217106,85",2589
BBAR,2023-12-11,48 hs.,Homogenea,"1875,7",1796,"1890,25",1780,"1823,76",349707,"637781527,15",2156
PAMP,2023-12-11,48 hs.,Homogenea,"1938,6",1925,1980,"1855,7","1907,21",1507296,"2874822025,75",9379
GGAL,2023-12-11,48 hs.,Homogenea,"1756,35",1685,"1783,75",1660,"1695,757",4215047,"7276917406,9",6826
MIRG,2023-12-11,48 hs.,Homogenea,"11728,5",11740,"11998,5",11505,"11702,823","8758,9","102503853,05",613
ALUA,2023-12-11,48 hs.,Homogenea,1119,1111,1145,1050,"1086,285",1240139,1351469671,8249
LOMA,2023-12-11,48 hs.,Homogenea,"1313,7",1310,1360,1281,"1319,666",392511,"517983455,15",2564
CEPU,2023-12-11,48 hs.,Homogenea,"898,336","869,198","902,78","813,391","867,903",1261930,"1108843989,95",4246
YPFD,2023-12-11,48 hs.,Homogenea,"17495,35",17110,17650,16175,"17215,52",445213,"7685867678,25",10308
TXAR,2023-12-11,48 hs.,Homogenea,991,1020,1050,942,"968,816",2234291,"2164711639,5",7460
TRAN,2023-12-11,48 hs.,Homogenea,"1146,5",1065,1148,1065,"1106,485",1339709,"1482454669,5",2163
VALO,2023-12-07,48 hs.,Homogenea,"192,75",190,193,190,"192,366",566545,"108984237,25",2323
EDN,2023-12-07,48 hs.,Homogenea,"853,1",811,870,785,"822,735",765941,"630166651,9",4009
CRES,2023-12-07,48 hs.,Homogenea,"959,05",894,975,880,"932,423",1324374,"1234876840,05",6383
COME,2023-12-07,48 hs.,Homogenea,"68,6","63,75",69,"63,75","66,719",4153144,"277256738,55",5448
CEPU,2023-12-07,48 hs.,Homogenea,"852,555","838,578","874,136","790,674","832,587",1372314,"1156770487,75",5422
BYMA,2023-12-07,48 hs.,Homogenea,830,788,839,750,"795,999",596251,"474615187,5",2662
BMA,2023-12-07,48 hs.,Homogenea,"2630,95",2505,2650,2452,"2577,083",417228,"1075231092,1",2104
BBAR,2023-12-07,48 hs.,Homogenea,"1750,2",1754,1781,1680,"1750,408",278653,"487756395,45",1784
ALUA,2023-12-07,48 hs.,Homogenea,1097,"1039,5",1100,"1011,5","1065,919",2207651,2353176745,9132
TXAR,2023-12-07,48 hs.,Homogenea,1004,946,1015,922,"986,56",1843833,"1819183159,5",6201
TRAN,2023-12-07,48 hs.,Homogenea,"1047,5",1030,1050,1011,"1042,327",383241,399462612,1934
TGSU2,2023-12-07,48 hs.,Homogenea,"2772,5",2561,2785,2530,"2656,913",716227,"1902953142,65",4512
TGNO4,2023-12-07,48 hs.,Homogenea,1487,1500,"1527,5",1450,"1486,323",476460,708173383,3247
TECO2,2023-12-07,48 hs.,Homogenea,"1630,6",1650,1650,1550,"1600,766",375413,"600948492,8",2281
SUPV,2023-12-07,48 hs.,Homogenea,"736,65",655,"749,1",649,"715,049",1052207,"752379483,6",3184
PAMP,2023-12-07,48 hs.,Homogenea,"1901,1",1842,1925,1775,"1861,905",1404007,"2614127263,3",11073
MIRG,2023-12-07,48 hs.,Homogenea,11733,10895,11900,10600,"11183,496","13090,4",146396441,998
LOMA,2023-12-07,48 hs.,Homogenea,"1310,9",1300,1317,1230,"1284,493",291315,"374192178,35",2820
YPFD,2023-12-07,48 hs.,Homogenea,"16489,1",16000,16801,15630,"16224,777",595505,"9661935548,15",13751
GGAL,2023-12-07,48 hs.,Homogenea,1657,1640,1695,1613,"1661,888",2667742,"4433467126,5",6357
CRES,2023-12-06,48 hs.,Homogenea,"878,35",925,930,840,"877,011",1621568,"1422132430,3",6860
VALO,2023-12-06,48 hs.,Homogenea,187,"180,5","187,75",175,"186,163",809400,150680607,2106
BYMA,2023-12-06,48 hs.,Homogenea,"771,5",799,799,745,"775,38",322209,250019241,1953
TGSU2,2023-12-06,48 hs.,Homogenea,"2511,05",2523,2600,2393,"2480,602",840077,"2083896849,6",4192
EDN,2023-12-06,48 hs.,Homogenea,"810,4","817,5",860,770,"814,082",518050,"421735057,05",2736
TGNO4,2023-12-06,48 hs.,Homogenea,"1474,5",1420,1500,"1310,5","1424,077",547517,779706229,2957
BMA,2023-12-06,48 hs.,Homogenea,"2503,25","2552,65","2613,5",2418,"2480,764",220636,"547345850,75",1950
TECO2,2023-12-06,48 hs.,Homogenea,"1596,05",1605,"1662,2",1510,"1570,527",134510,"211251648,25",1710
COME,2023-12-06,48 hs.,Homogenea,"63,75",66,"66,9","63,3","64,612",3179133,"205419958,2",3624
SUPV,2023-12-06,48 hs.,Homogenea,"655,8",635,680,620,"648,975",354758,"230229163,1",1867
BBAR,2023-12-06,48 hs.,Homogenea,"1727,4",1725,1785,"1651,5","1654,642",423516,"717021016,1",1510
PAMP,2023-12-06,48 hs.,Homogenea,"1800,2",1807,1850,"1716,5","1782,028",1096048,"1953188176,95",8593
GGAL,2023-12-06,48 hs.,Homogenea,"1631,35",1642,1678,"1563,75","1622,867",1784772,"2896505893,05",4859
MIRG,2023-12-06,48 hs.,Homogenea,10761,11214,11214,"10514,5","10795,984","6512,9","70313162,95",596
ALUA,2023-12-06,48 hs.,Homogenea,"1024,5",1000,1030,990,"1007,539",1163605,"1172447042,5",6114
LOMA,2023-12-06,48 hs.,Homogenea,"1272,65",1298,1300,1201,"1268,958",252378,"320257078,4",1481
CEPU,2023-12-06,48 hs.,Homogenea,"799,977","763,556","824,764","736,49","779,357",1658115,"1360793661,65",4891
YPFD,2023-12-06,48 hs.,Homogenea,"15800,3",16020,16800,15100,"15696,82",526635,"8266494550,8",11085
TXAR,2023-12-06,48 hs.,Homogenea,"941,5",890,948,877,"908,683",1154991,1049684351,5002
TRAN,2023-12-06,48 hs.,Homogenea,"1024,5",1027,1100,980,"1023,063",590883,604510828,2464
VALO,2023-12-05,48 hs.,Homogenea,"180,5","171,5",181,"169,25","177,417",986310,"174987910,5",1811
YPFD,2023-12-05,48 hs.,Homogenea,"16149,25",14800,16173,"14650,5","15641,47",347822,"5440631457,75",8355
LOMA,2023-12-05,48 hs.,Homogenea,"1267,75","1214,5","1272,1",1184,"1246,857",160825,"200525785,45",1418
MIRG,2023-12-05,48 hs.,Homogenea,"10924,5",10650,10995,"10504,5","10749,972","11088,6","119202143,3",747
PAMP,2023-12-05,48 hs.,Homogenea,"1806,85","1693,3","1812,15","1693,3","1763,296",970204,"1710757305,25",7440
SUPV,2023-12-05,48 hs.,Homogenea,"649,45",612,652,601,"641,123",263655,"169035320,4",1604
TECO2,2023-12-05,48 hs.,Homogenea,"1596,4",1538,1615,1483,"1577,134",269211,"424581707,55",1207
TGNO4,2023-12-05,48 hs.,Homogenea,1385,1240,1409,1200,"1354,656",400320,"542296022,5",2871
TGSU2,2023-12-05,48 hs.,Homogenea,"2493,75",2459,"2566,5",2415,"2476,228",650877,"1611719850,4",3384
TRAN,2023-12-05,48 hs.,Homogenea,1027,919,1040,918,"985,953",864013,851876342,2035
TXAR,2023-12-05,48 hs.,Homogenea,882,920,939,865,"900,05",1293610,1164313869,5050
ALUA,2023-12-05,48 hs.,Homogenea,986,1026,"1043,5",950,"1001,961",1682432,"1685867852,5",9443
BBAR,2023-12-05,48 hs.,Homogenea,"1732,9",1635,1744,1603,"1703,669",109308,"186224649,3",1307
BMA,2023-12-05,48 hs.,Homogenea,"2552,65",2478,"2585,5",2425,"2511,311",286354,"719123892,05",1966
BYMA,2023-12-05,48 hs.,Homogenea,763,730,785,"729,5","751,937",690008,"518842695,5",2764
CEPU,2023-12-05,48 hs.,Homogenea,"759,852","688,53","769,254","688,53","735,078",1450446,"1122715612,8",5037
COME,2023-12-05,48 hs.,Homogenea,"64,65",62,66,"61,7","64,818",4346593,282119879,3739
CRES,2023-12-05,48 hs.,Homogenea,"898,35",850,900,849,"875,664",1187759,"1040543884,2",3760
EDN,2023-12-05,48 hs.,Homogenea,"816,6",760,"828,95",749,"794,983",312083,248100658,2563
GGAL,2023-12-05,48 hs.,Homogenea,"1641,35",1526,"1655,5",1506,"1615,29",2945044,"4756540869,8",6617
YPFD,2023-12-04,48 hs.,Homogenea,"14664,55",15350,"15437,75",14500,"14910,96",254197,"3790432400,4",6926
GGAL,2023-12-04,48 hs.,Homogenea,"1521,45",1601,"1613,5",1471,"1524,55",2095250,"3193284373,45",5878
EDN,2023-12-04,48 hs.,Homogenea,"756,7",778,804,722,"760,247",185293,"140868519,2",1932
CRES,2023-12-04,48 hs.,Homogenea,"844,85","867,9",919,836,"869,77",1100512,"957901242,9",4539
COME,2023-12-04,48 hs.,Homogenea,"62,15","64,3","64,95","61,25","62,47",2835099,"177170806,5",3025
CEPU,2023-12-04,48 hs.,Homogenea,"688,435","739,814","742,758","676,184","696,407",1466950,"1075705947,45",4904
BYMA,2023-12-04,48 hs.,Homogenea,"728,5",711,735,711,"726,453",309466,"224812406,5",2353
BMA,2023-12-04,48 hs.,Homogenea,"2477,6","2590,1",2627,2390,"2480,267",378506,"938795800,2",2375
BBAR,2023-12-04,48 hs.,Homogenea,"1646,3",1689,1689,1600,"1639,86",116527,"191088024,35",1267
ALUA,2023-12-04,48 hs.,Homogenea,1026,1065,1080,950,"1023,843",1373395,"1406720327,5",8960
VALO,2023-12-04,48 hs.,Homogenea,"168,5",169,172,162,"168,61",525795,88654298,1660
TXAR,2023-12-04,48 hs.,Homogenea,920,949,949,855,"900,602",846127,762063313,4389
TRAN,2023-12-04,48 hs.,Homogenea,"918,5","869,5",920,"841,5","880,896",427989,377013803,1582
TGSU2,2023-12-04,48 hs.,Homogenea,"2415,85",2610,2699,2390,"2456,543",443474,"1089413149,75",3443
TGNO4,2023-12-04,48 hs.,Homogenea,1241,"1208,5",1250,1140,"1206,119",233530,281664865,1518
TECO2,2023-12-04,48 hs.,Homogenea,"1536,5",1562,1610,"1458,2","1514,504",91895,"139175337,75",1020
SUPV,2023-12-04,48 hs.,Homogenea,"611,75",630,"648,5","581,5","612,422",186378,"114141971,75",1683
PAMP,2023-12-04,48 hs.,Homogenea,"1693,25",1750,1795,"1644,4","1702,213",792829,"1349563755,1",7543
MIRG,2023-12-04,48 hs.,Homogenea,10793,11000,11200,10510,"10759,216","5661,5","60913303,45",526
LOMA,2023-12-04,48 hs.,Homogenea,"1215,95",1280,1280,"1180,5","1244,114",165040,"205328566,7",1490
VALO,2023-12-01,48 hs.,Homogenea,"167,25",162,"167,75",162,"165,723",532733,"88286116,5",1610
YPFD,2023-12-01,48 hs.,Homogenea,"15296,9",14500,15450,14216,"14695,544",339057,"4982627122,25",7486
TXAR,2023-12-01,48 hs.,Homogenea,919,849,950,840,"906,604",1927022,1747045805,5416
BYMA,2023-12-01,48 hs.,Homogenea,"711,5","675,5",718,"675,5","698,051",339694,237123696,1927
TRAN,2023-12-01,48 hs.,Homogenea,"859,5","819,5",862,783,"813,874",369851,"301012045,5",1063
EDN,2023-12-01,48 hs.,Homogenea,"771,15",736,"779,95",710,"736,37",312467,"230091260,15",2414
TGSU2,2023-12-01,48 hs.,Homogenea,"2560,45",2490,2588,"2380,15","2461,993",244932,"603020948,35",2313
BMA,2023-12-01,48 hs.,Homogenea,"2633,8",2389,2680,2332,"2429,44",134040,"325642166,1",1445
TGNO4,2023-12-01,48 hs.,Homogenea,"1208,5",1160,1250,1111,"1179,896",163802,193293364,1411
COME,2023-12-01,48 hs.,Homogenea,64,"63,65","64,2","61,5","62,945",3421106,"215346759,85",3402
TECO2,2023-12-01,48 hs.,Homogenea,"1557,1",1520,1575,1451,"1507,831",120689,"181978639,55",1328
BBAR,2023-12-01,48 hs.,Homogenea,"1679,65",1600,1690,1553,"1626,69",135660,"220676725,65",1321
SUPV,2023-12-01,48 hs.,Homogenea,"633,25",605,649,583,"622,854",285487,"177816696,4",1671
GGAL,2023-12-01,48 hs.,Homogenea,"1600,35","1500,5",1604,1461,"1513,312",2458938,"3720276044,15",5334
PAMP,2023-12-01,48 hs.,Homogenea,"1738,5",1630,1747,"1601,5","1674,559",1166706,"1953717901,75",7108
ALUA,2023-12-01,48 hs.,Homogenea,1050,985,1055,980,"1022,067",2582081,2639277127,9662
MIRG,2023-12-01,48 hs.,Homogenea,11167,10630,11220,10250,"10749,492","11366,1","122179796,85",804
CEPU,2023-12-01,48 hs.,Homogenea,"727,23","712,272","731,266","674,285","699,624",2029368,1494999569,5038
LOMA,2023-12-01,48 hs.,Homogenea,"1260,05",1200,1270,1148,"1188,744",149793,178065529,1613
CRES,2023-12-01,48 hs.,Homogenea,"861,1",870,870,"819,5","842,744",1326362,"1117783421,25",3918
BMA,2023-11-30,48 hs.,Homogenea,"2383,55",2450,2450,2260,"2349,114",240040,"563881268,05",1235
BBAR,2023-11-30,48 hs.,Homogenea,"1589,55",1540,1600,1463,"1530,723",138227,"211587183,8",1056
GGAL,2023-11-30,48 hs.,Homogenea,"1501,65",1464,1508,"1405,35","1443,823",2452378,"3539268547,25",3513
YPFD,2023-11-30,48 hs.,Homogenea,"14346,1",14350,14793,13500,"14028,83",352825,"4949721821,7",5529
MIRG,2023-11-30,48 hs.,Homogenea,10663,10600,"10989,5",10350,"10570,329","7248,3","76616914,1",598
EDN,2023-11-30,48 hs.,Homogenea,"710,6","694,95",736,"648,5","680,789",226910,"154477900,35",1676
TRAN,2023-11-30,48 hs.,Homogenea,"797,5",801,820,"770,5","785,718",159567,"125374681,5",775
PAMP,2023-11-30,48 hs.,Homogenea,"1633,4",1600,1645,1530,"1585,265",697404,1105570295,4577
CRES,2023-11-30,48 hs.,Homogenea,"838,7",835,889,787,"811,14",876147,"710719465,65",3428
TGSU2,2023-11-30,48 hs.,Homogenea,"2405,85",2350,2423,2250,"2338,718",185534,"433911682,75",1715
ALUA,2023-11-30,48 hs.,Homogenea,953,925,966,880,"940,683",2354635,"2215156879,5",9883
BYMA,2023-11-30,48 hs.,Homogenea,"675,5",645,680,622,"652,204",149874,"97748493,5",1288
TGNO4,2023-11-30,48 hs.,Homogenea,1146,1140,1185,1050,"1113,136",170902,190237236,1228
TXAR,2023-11-30,48 hs.,Homogenea,828,800,"833,5",774,"817,426",860389,703367802,3727
CEPU,2023-11-30,48 hs.,Homogenea,"707,002","686,631","708,616","641,045","676,836",637137,"454079431,8",2296
TECO2,2023-11-30,48 hs.,Homogenea,"1499,85",1450,"1516,8","1389,6","1448,945",151172,"219039984,9",957
VALO,2023-11-30,48 hs.,Homogenea,"162,5",161,167,161,"163,453",430702,"70399741,75",1097
COME,2023-11-30,48 hs.,Homogenea,"62,038","62,038","62,629","58,099","61,122",3117827,"193791163,85",2895
SUPV,2023-11-30,48 hs.,Homogenea,"608,85",602,617,571,"599,001",149899,89789658,1417
LOMA,2023-11-30,48 hs.,Homogenea,"1163,05",1105,1180,1051,"1119,854",589956,"660664354,2",1611
LOMA,2023-11-29,48 hs.,Homogenea,"1085,95",1080,1125,1070,"1090,41",198324,"216254445,45",1502
GGAL,2023-11-29,48 hs.,Homogenea,"1480,2",1440,"1508,95",1405,"1465,357",1993358,"2925824070,9",3763
EDN,2023-11-29,48 hs.,Homogenea,"668,65",682,695,642,"658,207",1034083,"680641040,15",2553
CRES,2023-11-29,48 hs.,Homogenea,"828,75",800,870,"796,5","827,46",572628,"473826721,2",2810
COME,2023-11-29,48 hs.,Homogenea,"61,053","58,099","61,447","57,705","59,816",4150697,"252039777,95",2649
CEPU,2023-11-29,48 hs.,Homogenea,"672,67","681,882","706,099","644,749","675,73",1163434,"827808482,65",2736
BYMA,2023-11-29,48 hs.,Homogenea,"642,5",640,665,631,"639,791",650272,416037850,1631
BMA,2023-11-29,48 hs.,Homogenea,"2402,65",2374,2450,2260,"2402,312",283914,"682050098,25",1745
BBAR,2023-11-29,48 hs.,Homogenea,"1530,85",1535,1582,1472,"1526,877",299289,"456977525,8",1511
ALUA,2023-11-29,48 hs.,Homogenea,"895,5",855,910,855,"889,323",1059268,942090673,5744
YPFD,2023-11-29,48 hs.,Homogenea,"14301,45",14316,"15088,3","14208,8","14457,52",369811,"5346550092,6",6393
VALO,2023-11-29,48 hs.,Homogenea,"163,5",163,168,162,"164,545",642871,"105781320,75",1224
TXAR,2023-11-29,48 hs.,Homogenea,790,760,810,760,"796,858",1257766,1002260544,3893
TRAN,2023-11-29,48 hs.,Homogenea,794,772,795,752,"783,185",518362,405973579,853
TGSU2,2023-11-29,48 hs.,Homogenea,"2361,95",2391,2515,2340,"2405,247",306088,736217178,2191
TGNO4,2023-11-29,48 hs.,Homogenea,1135,1099,1175,1030,"1115,253",240800,"268553027,5",1466
TECO2,2023-11-29,48 hs.,Homogenea,"1421,7",1320,"1432,95",1320,"1398,622",138742,"194047630,1",916
SUPV,2023-11-29,48 hs.,Homogenea,"599,95",580,"606,1","553,55","582,021",318756,"185522610,1",1406
PAMP,2023-11-29,48 hs.,Homogenea,"1574,55",1570,1665,1536,"1599,653",953408,"1525121695,4",5645
MIRG,2023-11-29,48 hs.,Homogenea,10634,10200,11500,"10010,5","10582,421","11861,7","125525501,95",733
ALUA,2023-11-28,48 hs.,Homogenea,834,945,"952,5",816,"871,042",1875071,1633249450,6527
LOMA,2023-11-28,48 hs.,Homogenea,"1071,6",1185,1248,"1068,9","1102,715",187557,"206821905,9",1371
TGNO4,2023-11-28,48 hs.,Homogenea,1076,1143,1187,1015,"1089,551",218112,"237644206,5",1255
BBAR,2023-11-28,48 hs.,Homogenea,"1527,3",1700,1729,1485,"1560,372",371919,"580332123,35",1672
CEPU,2023-11-28,48 hs.,Homogenea,"667,162","724,619","729,367","645,841","675,456",1502766,"1068816344,85",3549
TGSU2,2023-11-28,48 hs.,Homogenea,"2399,65",2701,2740,"2337,95","2435,178",553628,"1348182896,75",2931
VALO,2023-11-28,48 hs.,Homogenea,163,"174,5",179,163,"169,987",756490,128593154,1770
BYMA,2023-11-28,48 hs.,Homogenea,"637,5","684,5","689,5",612,"638,185",388325,247823221,2008
TRAN,2023-11-28,48 hs.,Homogenea,765,753,800,735,"754,921",441341,333560056,1262
TECO2,2023-11-28,48 hs.,Homogenea,"1371,4",1600,"1619,95",1340,"1472,554",358677,"528171393,4",1678
CRES,2023-11-28,48 hs.,Homogenea,"796,9",870,905,"794,5","825,858",566247,"467639742,7",3272
TXAR,2023-11-28,48 hs.,Homogenea,"757,5",840,"870,5",750,"796,081",2211208,"1760300643,5",4496
SUPV,2023-11-28,48 hs.,Homogenea,"569,8",600,"661,5","532,5","581,219",1277899,"742738906,8",2478
EDN,2023-11-28,48 hs.,Homogenea,"680,6",759,800,670,"709,346",347658,"246609732,6",2235
BMA,2023-11-28,48 hs.,Homogenea,"2299,6",2629,2629,2241,"2352,129",552386,1299282926,1967
PAMP,2023-11-28,48 hs.,Homogenea,"1566,75",1701,1784,1555,"1615,961",1145281,"1850729697,15",5868
GGAL,2023-11-28,48 hs.,Homogenea,"1438,85",1640,1640,1412,"1471,123",3914241,"5758137872,85",6274
YPFD,2023-11-28,48 hs.,Homogenea,"14407,8",15790,16249,14300,"14740,698",398127,"5868669759,75",8178
MIRG,2023-11-28,48 hs.,Homogenea,"10096,5",10350,10350,9001,"9725,815","22090,1","214844223,8",768
COME,2023-11-28,48 hs.,Homogenea,"57,508","60,462","61,053","55,342","57,07",4672677,"270828371,4",2689
